factura_id,cliente_id,nombre_cliente,sector,provincia,importe,dias_retraso,estado,score_pago,riesgo,fecha_emision,vencimiento,scoring_externo,tasa_pago_historica,prioridad,deuda_ponderada
FAC-2025-0001,CLI_088,Agustí y asociados S.A.,Consultoría,Principado de Asturias,405.38,0,Pagada,0.9559353617432154,Bajo,2025-12-06,2026-01-20,Alto,0.93,238,387.51707694346464
FAC-2025-0002,CLI_069,Inversiones DD S.L.L.,Alimentación,Región de Murcia,6797.11,0,Pagada,0.963848109659912,Bajo,2025-12-24,2026-01-23,Medio,0.72,239,6551.381624650484
FAC-2025-0003,CLI_009,Inversiones Españolas S.A.,Retail,La Rioja,8234.64,0,Pagada,0.0814941594740482,Alto,2025-08-20,2025-09-19,Bajo,0.38,240,671.0750653713762
FAC-2025-0004,CLI_035,Juan Manuel Goñi Aznar S.Coop.,Construcción,Andalucía,2048.79,0,Pagada,0.8527392741181072,Bajo,2025-11-28,2025-12-28,Alto,0.95,241,1747.083697420437
FAC-2025-0005,CLI_006,Inmobiliaria Sancho S.L.N.E,Retail,La Rioja,544.68,32,Vencida,0.8964353385655441,Bajo,2025-11-27,2025-12-27,Alto,0.95,195,488.27040020988056
FAC-2025-0006,CLI_007,Gutiérrez y asociados S.L.U.,Consultoría,País Vasco,2583.41,30,Vencida,0.985795317631015,Bajo,2025-11-29,2025-12-29,Medio,0.7,196,2546.7134815211402
FAC-2025-0007,CLI_047,Ezequiel Sanz Pereira S.Com.,Construcción,Galicia,1235.76,0,Pagada,0.970937439497614,Bajo,2025-08-01,2025-08-31,Medio,0.72,242,1199.8456502335714
FAC-2025-0008,CLI_023,Desarrollo Roselló S.Coop.,Alimentación,La Rioja,1248.31,0,Pagada,0.9727479614549368,Bajo,2025-11-13,2026-01-12,Medio,0.75,243,1214.291007763812
FAC-2025-0009,CLI_057,Despacho Sierra & Asociados S.Coop.,Tecnología,Principado de Asturias,4743.13,95,Vencida,0.9825083602674732,Bajo,2025-09-25,2025-10-25,Medio,0.63,92,4660.1648788354605
FAC-2025-0010,CLI_025,Distribuciones Nebot S.L.L.,Retail,Región de Murcia,716.78,94,Vencida,0.2820382571372221,Alto,2025-09-26,2025-10-26,Bajo,0.57,94,202.15938195081804
FAC-2025-0011,CLI_027,Abril Frías Nieto S.Coop.,Tecnología,Castilla-La Mancha,5048.5,0,Pagada,0.9294221211255737,Bajo,2025-08-28,2025-09-27,Alto,0.89,244,4692.187578502459
FAC-2025-0012,CLI_086,Logística Carranza S.A.U,Construcción,Comunidad de Madrid,10225.06,0,Pagada,0.1194712961787283,Alto,2025-10-01,2025-10-31,Bajo,0.53,245,1221.6011717052675
FAC-2025-0013,CLI_094,Perez y Sans S.A.,Transporte,Principado de Asturias,3984.42,0,Pagada,0.8241666856810774,Bajo,2025-11-05,2025-12-05,Alto,0.88,246,3283.8262257613987
FAC-2025-0014,CLI_028,Donato Lastra Sancho S.C.P,Tecnología,Extremadura,2322.82,85,Vencida,0.9763243527827308,Bajo,2025-10-05,2025-11-04,Medio,0.72,109,2267.8257331307827
FAC-2025-0015,CLI_056,Asdrubal Ocaña Piquer S.L.,Consultoría,Castilla-La Mancha,3350.88,28,Vencida,0.9385796852731568,Bajo,2025-12-01,2025-12-31,Alto,0.86,198,3145.067895788116
FAC-2025-0016,CLI_059,Tecnologías Ibérica S.L.N.E,Alimentación,Castilla y León,1253.52,81,Vencida,0.9762682886987616,Bajo,2025-10-09,2025-11-08,Medio,0.68,117,1223.7718252496716
FAC-2025-0017,CLI_002,Alfaro y asociados S.Com.,Transporte,Illes Balears,4418.78,0,Pagada,0.9580834714548696,Bajo,2025-10-30,2025-11-29,Medio,0.73,247,4233.560081995349
FAC-2025-0018,CLI_048,Consultoría RU S.A.D,Consultoría,País Vasco,2240.19,0,Pagada,0.936414456767326,Bajo,2025-10-03,2025-11-02,Alto,0.94,248,2097.7463019055963
FAC-2025-0019,CLI_030,Atienza & Asociados S.C.P,Transporte,Galicia,893.09,10,Vencida,0.2227786832058206,Alto,2025-12-19,2026-01-18,Bajo,0.59,227,198.96141418428633
FAC-2025-0020,CLI_037,Begoña Peñas Mir S.L.N.E,Tecnología,Cataluña,5716.99,115,Vencida,0.8900637924478937,Bajo,2025-09-05,2025-10-05,Alto,0.86,62,5088.485800786683
FAC-2025-0021,CLI_070,Comercializadora Internacionales S.Coop.,Alimentación,Ciudad Autónoma de Ceuta,6743.7,149,Vencida,0.9563612560013398,Bajo,2025-08-02,2025-09-01,Medio,0.68,6,6449.413402096235
FAC-2025-0022,CLI_099,Carreño y asociados S.L.,Construcción,Canarias,3312.19,92,Vencida,0.1692636237123511,Alto,2025-09-28,2025-10-28,Bajo,0.57,96,560.6332818238122
FAC-2025-0023,CLI_037,Begoña Peñas Mir S.L.N.E,Tecnología,Cataluña,4212.16,39,Vencida,0.8900637924478937,Bajo,2025-11-20,2025-12-20,Alto,0.86,189,3749.09110399732
FAC-2025-0024,CLI_100,Cañas y Clavero S.A.,Construcción,Comunidad Foral de Navarra,7436.28,72,Vencida,0.933532707846248,Bajo,2025-10-18,2025-11-17,Medio,0.74,135,6942.010604702897
FAC-2025-0025,CLI_044,Talleres Jimenez S.L.,Retail,Extremadura,5179.73,51,Vencida,0.959069575372998,Bajo,2025-11-23,2025-12-08,Medio,0.61,167,4967.721451646778
FAC-2025-0026,CLI_069,Inversiones DD S.L.L.,Alimentación,Región de Murcia,3901.62,0,Pagada,0.963848109659912,Bajo,2025-09-30,2025-10-30,Medio,0.72,249,3760.5690616113056
FAC-2025-0027,CLI_019,Aura Pombo Carranza S.C.P,Construcción,Comunidad Foral de Navarra,3390.95,0,Pendiente,0.1985320870440221,Alto,2026-01-21,2026-02-20,Bajo,0.52,250,673.2123805619267
FAC-2025-0028,CLI_046,Comercial Españolas S.Coop.,Tecnología,Canarias,4737.94,46,Vencida,0.9591326791555878,Bajo,2025-11-13,2025-12-13,Medio,0.64,179,4544.313085878425
FAC-2025-0029,CLI_050,Hnos Ocaña S.L.,Construcción,Región de Murcia,3550.5,79,Vencida,0.8963935480706682,Bajo,2025-10-11,2025-11-10,Alto,0.86,120,3182.6452924249074
FAC-2025-0030,CLI_026,Hnos Manjón S.L.,Transporte,Región de Murcia,6742.43,82,Vencida,0.132648555946684,Alto,2025-09-23,2025-11-07,Bajo,0.55,115,894.3736030716007
FAC-2025-0031,CLI_028,Donato Lastra Sancho S.C.P,Tecnología,Extremadura,3235.4,0,Pagada,0.9763243527827308,Bajo,2025-09-30,2025-10-30,Medio,0.72,251,3158.7998109932473
FAC-2025-0032,CLI_095,Fabiola Palma Barroso S.L.,Alimentación,Ciudad Autónoma de Melilla,4290.31,0,Pagada,0.9616734482639384,Bajo,2025-12-14,2026-01-13,Medio,0.66,252,4125.877211821258
FAC-2025-0033,CLI_049,Supermercados XA S.Coop.,Tecnología,Principado de Asturias,1628.22,120,Vencida,0.9479381015967532,Bajo,2025-09-15,2025-09-30,Alto,0.89,48,1543.4517757818655
FAC-2025-0034,CLI_028,Donato Lastra Sancho S.C.P,Tecnología,Extremadura,3002.98,126,Vencida,0.9763243527827308,Bajo,2025-08-25,2025-09-24,Medio,0.72,37,2931.8825049194847
FAC-2025-0035,CLI_027,Abril Frías Nieto S.Coop.,Tecnología,Castilla-La Mancha,5655.26,68,Vencida,0.9294221211255737,Bajo,2025-11-06,2025-11-21,Alto,0.89,142,5256.123744716612
FAC-2025-0036,CLI_024,Compañía Iglesia & Asociados S.L.,Retail,Ciudad Autónoma de Melilla,4254.89,121,Vencida,0.2162739548440516,Alto,2025-09-14,2025-09-29,Bajo,0.46,45,920.2218877264067
FAC-2025-0037,CLI_058,Rebeca Peláez Bru S.Coop.,Alimentación,Ciudad Autónoma de Melilla,1551.19,0,Pagada,0.9761375360173818,Bajo,2025-09-30,2025-11-14,Medio,0.77,253,1514.1747844948027
FAC-2025-0038,CLI_079,Suministros Pi S.A.,Alimentación,Galicia,2592.3,0,Pagada,0.914805553884445,Bajo,2025-09-24,2025-10-24,Alto,0.81,254,2371.4504373346467
FAC-2025-0039,CLI_068,Familia Lozano S.L.N.E,Construcción,Comunidad de Madrid,1675.86,0,Pendiente,0.1251897965382272,Alto,2026-01-03,2026-02-02,Bajo,0.49,255,209.80057242655343
FAC-2025-0040,CLI_073,Cecilia Vila Raya S.A.,Alimentación,Región de Murcia,2143.63,0,Pagada,0.9747065939904848,Bajo,2025-09-14,2025-10-14,Medio,0.79,256,2089.4102960758228
FAC-2025-0041,CLI_029,Distribuciones del Sur S.L.U.,Tecnología,Castilla y León,1777.32,0,Pagada,0.9409192467865564,Bajo,2025-11-02,2025-12-02,Alto,0.92,257,1672.3145956986823
FAC-2025-0042,CLI_007,Gutiérrez y asociados S.L.U.,Consultoría,País Vasco,1563.8,27,Vencida,0.985795317631015,Bajo,2025-11-17,2026-01-01,Medio,0.7,200,1541.5867177113812
FAC-2025-0043,CLI_061,María Montero Frutos S.Com.,Construcción,Región de Murcia,1114.76,0,Pendiente,0.9192091860253052,Bajo,2026-01-24,2026-02-23,Medio,0.71,258,1024.6976322135692
FAC-2025-0044,CLI_029,Distribuciones del Sur S.L.U.,Tecnología,Castilla y León,1191.33,0,Pendiente,0.9409192467865564,Bajo,2025-12-16,2026-01-30,Alto,0.92,259,1120.9453262742281
FAC-2025-0045,CLI_097,Desarrollo Inteligentes S.A.,Consultoría,Comunitat Valenciana,821.57,0,Pagada,0.9498220884966404,Bajo,2025-09-06,2025-10-06,Alto,0.84,260,780.3453332461849
FAC-2025-0046,CLI_031,Paz y Arrieta S.Com.,Construcción,Ciudad Autónoma de Ceuta,1158.21,0,Pendiente,0.8526494704924082,Bajo,2025-12-23,2026-02-21,Alto,0.93,261,987.5471432190122
FAC-2025-0047,CLI_051,Piñeiro y asociados S.L.N.E,Tecnología,La Rioja,6651.72,78,Vencida,0.1842360398736561,Alto,2025-10-12,2025-11-11,Bajo,0.59,124,1225.4865511483958
FAC-2025-0048,CLI_005,Cáceres y Flores S.L.,Construcción,Principado de Asturias,1337.05,0,Pagada,0.9745102466725386,Bajo,2025-11-25,2025-12-25,Medio,0.67,262,1302.9689253135177
FAC-2025-0049,CLI_059,Tecnologías Ibérica S.L.N.E,Alimentación,Castilla y León,770.52,87,Vencida,0.9762682886987616,Bajo,2025-10-03,2025-11-02,Medio,0.68,105,752.2342418081697
FAC-2025-0050,CLI_070,Comercializadora Internacionales S.Coop.,Alimentación,Ciudad Autónoma de Ceuta,6960.03,48,Vencida,0.9563612560013398,Bajo,2025-11-11,2025-12-11,Medio,0.68,175,6656.303032607005
FAC-2025-0051,CLI_030,Atienza & Asociados S.C.P,Transporte,Galicia,1121.82,121,Vencida,0.2227786832058206,Alto,2025-08-30,2025-09-29,Bajo,0.59,46,249.91758239395364
FAC-2025-0052,CLI_078,Farmaceútica Avanzadas S.L.N.E,Hostelería,Cataluña,7509.47,0,Pendiente,0.95529457915186,Bajo,2026-01-13,2026-02-12,Medio,0.7,263,7173.755983303518
FAC-2025-0053,CLI_043,Luís y asociados S.L.U.,Consultoría,Extremadura,684.09,128,Vencida,0.947891394607964,Bajo,2025-08-08,2025-09-22,Alto,0.8,31,648.4430241373622
FAC-2025-0054,CLI_030,Atienza & Asociados S.C.P,Transporte,Galicia,1035.71,129,Vencida,0.2227786832058206,Alto,2025-08-22,2025-09-21,Bajo,0.59,28,230.73410998310044
FAC-2025-0055,CLI_087,Estevez y Torrecilla S.L.,Tecnología,Aragón,3355.95,0,Pendiente,0.9198752218878012,Bajo,2025-12-30,2026-01-29,Alto,0.81,264,3087.0552508943665
FAC-2025-0056,CLI_008,Tecnologías Sanabria S.Coop.,Tecnología,Comunitat Valenciana,4446.66,0,Pagada,0.9703101724299265,Bajo,2025-10-11,2025-11-25,Medio,0.68,265,4314.639431337257
FAC-2025-0057,CLI_073,Cecilia Vila Raya S.A.,Alimentación,Región de Murcia,2331.27,118,Vencida,0.9747065939904848,Bajo,2025-09-02,2025-10-02,Medio,0.79,54,2272.3042413721973
FAC-2025-0058,CLI_087,Estevez y Torrecilla S.L.,Tecnología,Aragón,5243.02,0,Pagada,0.9198752218878012,Bajo,2025-10-20,2025-11-19,Alto,0.81,266,4822.92418586218
FAC-2025-0059,CLI_045,Servicios EZYW S.A.,Consultoría,Galicia,1682.93,0,Pendiente,0.913509674634116,Bajo,2026-01-08,2026-02-22,Alto,0.88,267,1537.372836731993
FAC-2025-0060,CLI_073,Cecilia Vila Raya S.A.,Alimentación,Región de Murcia,2457.63,126,Vencida,0.9747065939904848,Bajo,2025-08-25,2025-09-24,Medio,0.79,38,2395.468166588835
FAC-2025-0061,CLI_022,Inversiones ZLB S.L.,Consultoría,Ciudad Autónoma de Ceuta,3122.04,50,Vencida,0.981133413849636,Bajo,2025-11-09,2025-12-09,Medio,0.77,172,3063.1377633751176
FAC-2025-0062,CLI_006,Inmobiliaria Sancho S.L.N.E,Retail,La Rioja,535.7,87,Vencida,0.8964353385655441,Bajo,2025-10-03,2025-11-02,Alto,0.95,106,480.22041086956204
FAC-2025-0063,CLI_075,Llorente y Robledo S.Com.,Transporte,Canarias,7052.37,0,Pendiente,0.1465907392984664,Alto,2026-01-01,2026-01-31,Bajo,0.47,268,1033.8121321063254
FAC-2025-0064,CLI_016,Supermercados Ortega S.Com.,Alimentación,Cantabria,2474.29,95,Vencida,0.9770106287466364,Bajo,2025-09-10,2025-10-25,Medio,0.74,93,2417.4076286015147
FAC-2025-0065,CLI_016,Supermercados Ortega S.Com.,Alimentación,Cantabria,3302.77,0,Pendiente,0.9770106287466364,Bajo,2026-01-15,2026-03-01,Medio,0.74,269,3226.841394305528
FAC-2025-0066,CLI_074,Blazquez y Herrero S.Coop.,Consultoría,Cantabria,2504.13,72,Vencida,0.9485765014366092,Bajo,2025-10-18,2025-11-17,Alto,0.81,136,2375.3588745424563
FAC-2025-0067,CLI_079,Suministros Pi S.A.,Alimentación,Galicia,1690.55,146,Vencida,0.914805553884445,Bajo,2025-08-05,2025-09-04,Alto,0.81,9,1546.5245291193485
FAC-2025-0068,CLI_014,Llano & Asociados S.L.,Construcción,La Rioja,1181.18,0,Pendiente,0.14379409593949,Alto,2026-01-02,2026-02-01,Bajo,0.59,270,169.8467102418068
FAC-2025-0069,CLI_078,Farmaceútica Avanzadas S.L.N.E,Hostelería,Cataluña,6246.29,0,Pagada,0.95529457915186,Bajo,2025-11-07,2025-12-07,Medio,0.7,271,5967.046976810471
FAC-2025-0070,CLI_019,Aura Pombo Carranza S.C.P,Construcción,Comunidad Foral de Navarra,2739.19,0,Pendiente,0.1985320870440221,Alto,2025-12-29,2026-01-28,Bajo,0.52,272,543.8171075101149
FAC-2025-0071,CLI_037,Begoña Peñas Mir S.L.N.E,Tecnología,Cataluña,7567.06,0,Pagada,0.8900637924478937,Bajo,2025-12-24,2026-01-23,Alto,0.86,273,6735.1661212807585
FAC-2025-0072,CLI_004,Emiliana López Sanchez S.A.U,Transporte,Comunidad de Madrid,3157.47,0,Pendiente,0.8877021015478503,Bajo,2026-01-07,2026-02-06,Medio,0.65,274,2802.892754574291
FAC-2025-0073,CLI_056,Asdrubal Ocaña Piquer S.L.,Consultoría,Castilla-La Mancha,4884.24,116,Vencida,0.9385796852731568,Bajo,2025-08-20,2025-10-04,Alto,0.86,60,4584.248441998563
FAC-2025-0074,CLI_063,Desarrollo Torres S.A.,Transporte,Castilla-La Mancha,3803.88,60,Vencida,0.850984661568883,Bajo,2025-10-30,2025-11-29,Alto,0.94,150,3237.0435344486427
FAC-2025-0075,CLI_068,Familia Lozano S.L.N.E,Construcción,Comunidad de Madrid,2748.88,0,Pendiente,0.1251897965382272,Alto,2025-12-31,2026-01-30,Bajo,0.49,275,344.131727908002
FAC-2025-0076,CLI_059,Tecnologías Ibérica S.L.N.E,Alimentación,Castilla y León,739.78,0,Pagada,0.9762682886987616,Bajo,2025-12-19,2026-01-18,Medio,0.68,276,722.2237546135698
FAC-2025-0077,CLI_060,Heras y Montoya S.L.,Retail,Illes Balears,6017.94,53,Vencida,0.8559055333967132,Bajo,2025-10-22,2025-12-06,Alto,0.9,162,5150.788145649416
FAC-2025-0078,CLI_076,Alimentación Priego y asociados S.L.L.,Tecnología,Castilla y León,1201.31,103,Vencida,0.983040083963026,Bajo,2025-09-17,2025-10-17,Medio,0.63,75,1180.9358832656228
FAC-2025-0079,CLI_002,Alfaro y asociados S.Com.,Transporte,Illes Balears,10760.68,0,Pendiente,0.9580834714548696,Bajo,2026-01-05,2026-02-04,Medio,0.73,277,10309.629649614986
FAC-2025-0080,CLI_042,Banco Iberia S.Com.,Transporte,Illes Balears,4578.37,120,Vencida,0.206964395506403,Alto,2025-08-31,2025-09-30,Bajo,0.32,49,947.5595794546502
FAC-2025-0081,CLI_099,Carreño y asociados S.L.,Construcción,Canarias,3349.1,0,Pagada,0.1692636237123511,Alto,2025-11-05,2025-12-05,Bajo,0.57,278,566.880802175035
FAC-2025-0082,CLI_016,Supermercados Ortega S.Com.,Alimentación,Cantabria,2544.48,150,Vencida,0.9770106287466364,Bajo,2025-08-16,2025-08-31,Medio,0.74,4,2485.9840046332415
FAC-2025-0083,CLI_011,Hnos Soriano S.A.,Alimentación,Ciudad Autónoma de Melilla,3970.71,0,Pendiente,0.8868767892668036,Bajo,2025-12-31,2026-03-01,Alto,0.9,279,3521.5305359095896
FAC-2025-0084,CLI_029,Distribuciones del Sur S.L.U.,Tecnología,Castilla y León,1080.1,0,Pendiente,0.9409192467865564,Bajo,2026-01-05,2026-02-04,Alto,0.92,280,1016.2868784541595
FAC-2025-0085,CLI_056,Asdrubal Ocaña Piquer S.L.,Consultoría,Castilla-La Mancha,4057.74,0,Pagada,0.9385796852731568,Bajo,2025-12-20,2026-01-19,Alto,0.86,281,3808.512332120299
FAC-2025-0086,CLI_079,Suministros Pi S.A.,Alimentación,Galicia,3101.87,0,Pagada,0.914805553884445,Bajo,2025-09-17,2025-10-17,Alto,0.81,282,2837.607903427543
FAC-2025-0087,CLI_091,Rosenda Carpio Gálvez S.A.T.,Retail,Castilla y León,1401.14,42,Vencida,0.9740130737738834,Bajo,2025-11-17,2025-12-17,Medio,0.64,185,1364.7286781875391
FAC-2025-0088,CLI_045,Servicios EZYW S.A.,Consultoría,Galicia,3357.93,0,Pagada,0.913509674634116,Bajo,2025-08-01,2025-08-31,Alto,0.88,283,3067.5015417441373
FAC-2025-0089,CLI_074,Blazquez y Herrero S.Coop.,Consultoría,Cantabria,5178.48,56,Vencida,0.9485765014366092,Bajo,2025-11-03,2025-12-03,Alto,0.81,155,4912.184441159452
FAC-2025-0090,CLI_045,Servicios EZYW S.A.,Consultoría,Galicia,6394.56,0,Pagada,0.913509674634116,Bajo,2025-11-16,2025-12-16,Alto,0.88,284,5841.492425028333
FAC-2025-0091,CLI_070,Comercializadora Internacionales S.Coop.,Alimentación,Ciudad Autónoma de Ceuta,6971.84,128,Vencida,0.9563612560013398,Bajo,2025-08-23,2025-09-22,Medio,0.68,32,6667.597659040381
FAC-2025-0092,CLI_008,Tecnologías Sanabria S.Coop.,Tecnología,Comunitat Valenciana,3932.29,8,Vencida,0.9703101724299265,Bajo,2025-12-21,2026-01-20,Medio,0.68,230,3815.5409879444755
FAC-2025-0093,CLI_037,Begoña Peñas Mir S.L.N.E,Tecnología,Cataluña,4918.22,0,Pagada,0.8900637924478937,Bajo,2025-08-29,2025-10-13,Alto,0.86,285,4377.5295452930795
FAC-2025-0094,CLI_050,Hnos Ocaña S.L.,Construcción,Región de Murcia,1401.49,18,Vencida,0.8963935480706682,Bajo,2025-11-26,2026-01-10,Alto,0.86,217,1256.2865936855608
FAC-2025-0095,CLI_059,Tecnologías Ibérica S.L.N.E,Alimentación,Castilla y León,431.78,133,Vencida,0.9762682886987616,Bajo,2025-08-18,2025-09-17,Medio,0.68,24,421.5331216943513
FAC-2025-0096,CLI_045,Servicios EZYW S.A.,Consultoría,Galicia,4415.4,52,Vencida,0.913509674634116,Bajo,2025-11-07,2025-12-07,Alto,0.88,166,4033.5106173794757
FAC-2025-0097,CLI_053,Finanzas Carbajo & Asociados S.L.L.,Transporte,Aragón,4698.58,0,Pagada,0.949870163233032,Bajo,2025-11-28,2025-12-28,Medio,0.63,286,4463.040951563459
FAC-2025-0098,CLI_050,Hnos Ocaña S.L.,Construcción,Región de Murcia,2307.97,0,Pagada,0.8963935480706682,Bajo,2025-09-13,2025-10-13,Alto,0.86,287,2068.84941714066
FAC-2025-0099,CLI_018,Peral y asociados S.L.,Tecnología,Cantabria,5394.64,0,Pagada,0.9130223483269676,Bajo,2025-09-28,2025-10-28,Alto,0.82,288,4925.426881178593
FAC-2025-0100,CLI_073,Cecilia Vila Raya S.A.,Alimentación,Región de Murcia,2572.69,0,Pagada,0.9747065939904848,Bajo,2025-12-26,2026-01-25,Medio,0.79,289,2507.61790729338
FAC-2025-0101,CLI_019,Aura Pombo Carranza S.C.P,Construcción,Comunidad Foral de Navarra,3305.74,117,Vencida,0.1985320870440221,Alto,2025-09-03,2025-10-03,Bajo,0.52,58,656.2954614249055
FAC-2025-0102,CLI_047,Ezequiel Sanz Pereira S.Com.,Construcción,Galicia,479.17,30,Vencida,0.970937439497614,Bajo,2025-11-29,2025-12-29,Medio,0.72,197,465.24409288407173
FAC-2025-0103,CLI_043,Luís y asociados S.L.U.,Consultoría,Extremadura,1207.03,0,Pagada,0.947891394607964,Bajo,2025-11-15,2025-12-15,Alto,0.8,290,1144.1333500336507
FAC-2025-0104,CLI_035,Juan Manuel Goñi Aznar S.Coop.,Construcción,Andalucía,4147.94,0,Pagada,0.8527392741181072,Bajo,2025-10-13,2025-11-12,Alto,0.95,291,3537.1113446854615
FAC-2025-0105,CLI_063,Desarrollo Torres S.A.,Transporte,Castilla-La Mancha,1604.22,0,Pagada,0.850984661568883,Bajo,2025-12-12,2026-01-11,Alto,0.94,292,1365.1666137820334
FAC-2025-0106,CLI_075,Llorente y Robledo S.Com.,Transporte,Canarias,3849.77,123,Vencida,0.1465907392984664,Alto,2025-08-13,2025-09-27,Bajo,0.47,41,564.340630429057
FAC-2025-0107,CLI_002,Alfaro y asociados S.Com.,Transporte,Illes Balears,9556.45,0,Pagada,0.9580834714548696,Bajo,2025-12-02,2026-01-16,Medio,0.73,293,9155.876790784889
FAC-2025-0108,CLI_091,Rosenda Carpio Gálvez S.A.T.,Retail,Castilla y León,1432.91,0,Pendiente,0.9740130737738834,Bajo,2026-01-04,2026-02-03,Medio,0.64,294,1395.6730735413353
FAC-2025-0109,CLI_014,Llano & Asociados S.L.,Construcción,La Rioja,2543.76,77,Vencida,0.14379409593949,Alto,2025-10-13,2025-11-12,Bajo,0.59,127,365.7776694870371
FAC-2025-0110,CLI_067,Basilio Agustí Donoso S.A.,Construcción,Cataluña,2284.25,0,Pagada,0.229201258358039,Alto,2025-12-07,2026-01-06,Bajo,0.48,295,523.5529744043506
FAC-2025-0111,CLI_083,Distribuciones MJID S.L.N.E,Construcción,Ciudad Autónoma de Melilla,893.69,16,Vencida,0.890792814232811,Bajo,2025-12-13,2026-01-12,Alto,0.93,219,796.0926301517209
FAC-2025-0112,CLI_024,Compañía Iglesia & Asociados S.L.,Retail,Ciudad Autónoma de Melilla,1987.25,129,Vencida,0.2162739548440516,Alto,2025-08-07,2025-09-21,Bajo,0.46,29,429.79041676384156
FAC-2025-0113,CLI_058,Rebeca Peláez Bru S.Coop.,Alimentación,Ciudad Autónoma de Melilla,1383.89,54,Vencida,0.9761375360173818,Bajo,2025-11-05,2025-12-05,Medio,0.77,161,1350.8669747190947
FAC-2025-0114,CLI_069,Inversiones DD S.L.L.,Alimentación,Región de Murcia,5113.04,108,Vencida,0.963848109659912,Bajo,2025-09-12,2025-10-12,Medio,0.72,71,4928.193938615516
FAC-2025-0115,CLI_025,Distribuciones Nebot S.L.L.,Retail,Región de Murcia,629.38,0,Pagada,0.2820382571372221,Alto,2025-12-19,2026-01-18,Bajo,0.57,296,177.50923827702482
FAC-2025-0116,CLI_078,Farmaceútica Avanzadas S.L.N.E,Hostelería,Cataluña,2363.6,0,Pagada,0.95529457915186,Bajo,2025-08-11,2025-09-10,Medio,0.7,297,2257.9342672833363
FAC-2025-0117,CLI_070,Comercializadora Internacionales S.Coop.,Alimentación,Ciudad Autónoma de Ceuta,4476.0,150,Vencida,0.9563612560013398,Bajo,2025-08-01,2025-08-31,Medio,0.68,5,4280.672981861997
FAC-2025-0118,CLI_020,Supermercados Bonilla S.L.L.,Construcción,Galicia,3749.32,0,Pagada,0.9552192837331204,Bajo,2025-10-29,2025-11-28,Medio,0.68,298,3581.422764886263
FAC-2025-0119,CLI_064,Despacho LX S.A.,Alimentación,Andalucía,2093.42,73,Vencida,0.2569512994969616,Alto,2025-09-17,2025-11-16,Bajo,0.53,132,537.9069893929294
FAC-2025-0120,CLI_089,Grupo Manzano S.A.,Transporte,Ciudad Autónoma de Melilla,2101.47,103,Vencida,0.8757984621698774,Bajo,2025-09-17,2025-10-17,Alto,0.87,76,1840.4641942961323
FAC-2025-0121,CLI_020,Supermercados Bonilla S.L.L.,Construcción,Galicia,6647.91,22,Vencida,0.9552192837331204,Bajo,2025-11-22,2026-01-06,Medio,0.68,208,6350.211828522248
FAC-2025-0122,CLI_051,Piñeiro y asociados S.L.N.E,Tecnología,La Rioja,6475.9,0,Pagada,0.1842360398736561,Alto,2025-09-08,2025-10-08,Bajo,0.59,299,1193.0941706178096
FAC-2025-0123,CLI_046,Comercial Españolas S.Coop.,Tecnología,Canarias,5810.67,117,Vencida,0.9591326791555878,Bajo,2025-09-03,2025-10-03,Medio,0.64,59,5573.203484788999
FAC-2025-0124,CLI_039,Prat y Ochoa S.L.N.E,Construcción,Castilla y León,4490.44,56,Vencida,0.1298349031942244,Alto,2025-11-03,2025-12-03,Bajo,0.38,156,583.015842699473
FAC-2025-0125,CLI_074,Blazquez y Herrero S.Coop.,Consultoría,Cantabria,2499.4,0,Pagada,0.9485765014366092,Bajo,2025-10-17,2025-11-16,Alto,0.81,300,2370.8721076906613
FAC-2025-0126,CLI_075,Llorente y Robledo S.Com.,Transporte,Canarias,4085.62,0,Pendiente,0.1465907392984664,Alto,2026-01-14,2026-02-13,Bajo,0.47,301,598.9140562926002
FAC-2025-0127,CLI_049,Supermercados XA S.Coop.,Tecnología,Principado de Asturias,1755.91,0,Pagada,0.9479381015967532,Bajo,2025-09-18,2025-11-17,Alto,0.89,302,1664.4939919747549
FAC-2025-0128,CLI_010,Despacho Inteligentes S.Com.,Alimentación,La Rioja,2984.64,0,Pendiente,0.9320985565420944,Bajo,2026-01-08,2026-02-07,Medio,0.71,303,2781.9786357977964
FAC-2025-0129,CLI_056,Asdrubal Ocaña Piquer S.L.,Consultoría,Castilla-La Mancha,2819.35,0,Pagada,0.9385796852731568,Bajo,2025-12-21,2026-01-20,Alto,0.86,304,2646.1846356748747
FAC-2025-0130,CLI_074,Blazquez y Herrero S.Coop.,Consultoría,Cantabria,4062.91,0,Pagada,0.9485765014366092,Bajo,2025-11-12,2025-12-12,Alto,0.81,305,3853.980953451814
FAC-2025-0131,CLI_094,Perez y Sans S.A.,Transporte,Principado de Asturias,2875.77,0,Pendiente,0.8241666856810774,Bajo,2025-12-21,2026-02-04,Alto,0.88,306,2370.113829681072
FAC-2025-0132,CLI_069,Inversiones DD S.L.L.,Alimentación,Región de Murcia,5404.74,0,Pagada,0.963848109659912,Bajo,2026-01-03,2026-01-18,Medio,0.72,307,5209.348432203313
FAC-2025-0133,CLI_044,Talleres Jimenez S.L.,Retail,Extremadura,3087.46,0,Pendiente,0.959069575372998,Bajo,2026-01-01,2026-02-15,Medio,0.61,308,2961.0889511811165
FAC-2025-0134,CLI_079,Suministros Pi S.A.,Alimentación,Galicia,1418.59,0,Pendiente,0.914805553884445,Bajo,2026-01-22,2026-02-21,Alto,0.81,309,1297.7340106849347
FAC-2025-0135,CLI_003,Hermanos Castro S.Coop.,Tecnología,Castilla-La Mancha,9291.38,0,Pendiente,0.2302970585750884,Alto,2026-01-26,2026-02-25,Bajo,0.5,310,2139.7774841034047
FAC-2025-0136,CLI_021,Consultoría Ibérica S.L.,Transporte,Principado de Asturias,4532.21,135,Vencida,0.1227103078583486,Alto,2025-08-16,2025-09-15,Bajo,0.42,22,556.1488843786861
FAC-2025-0137,CLI_055,Inversiones Globales S.L.U.,Consultoría,Región de Murcia,876.03,0,Pagada,0.9496837467657334,Bajo,2025-12-24,2026-01-23,Alto,0.94,311,831.9514526791854
FAC-2025-0138,CLI_008,Tecnologías Sanabria S.Coop.,Tecnología,Comunitat Valenciana,6029.87,63,Vencida,0.9703101724299265,Bajo,2025-10-27,2025-11-26,Medio,0.68,145,5850.84419943004
FAC-2025-0139,CLI_094,Perez y Sans S.A.,Transporte,Principado de Asturias,5091.56,12,Vencida,0.8241666856810774,Bajo,2025-12-17,2026-01-16,Alto,0.88,226,4196.294130146347
FAC-2025-0140,CLI_014,Llano & Asociados S.L.,Construcción,La Rioja,804.91,0,Pagada,0.14379409593949,Alto,2025-09-15,2025-09-30,Bajo,0.59,312,115.74130576265489
FAC-2025-0141,CLI_016,Supermercados Ortega S.Com.,Alimentación,Cantabria,2460.8,0,Pagada,0.9770106287466364,Bajo,2025-08-29,2025-09-28,Medio,0.74,313,2404.227755219723
FAC-2025-0142,CLI_009,Inversiones Españolas S.A.,Retail,La Rioja,8162.52,65,Vencida,0.0814941594740482,Alto,2025-10-25,2025-11-24,Bajo,0.38,144,665.1977065901079
FAC-2025-0143,CLI_002,Alfaro y asociados S.Com.,Transporte,Illes Balears,7504.54,9,Vencida,0.9580834714548696,Bajo,2025-12-20,2026-01-19,Medio,0.73,228,7189.975734871927
FAC-2025-0144,CLI_031,Paz y Arrieta S.Com.,Construcción,Ciudad Autónoma de Ceuta,1269.1,0,Pagada,0.8526494704924082,Bajo,2025-12-25,2026-01-24,Alto,0.93,314,1082.0974430019153
FAC-2025-0145,CLI_013,Grupo Arnaiz S.Com.,Alimentación,Aragón,5931.79,0,Pagada,0.1301888580959544,Alto,2025-12-28,2026-01-27,Bajo,0.54,315,772.2529665650013
FAC-2025-0146,CLI_049,Supermercados XA S.Coop.,Tecnología,Principado de Asturias,1323.77,87,Vencida,0.9479381015967532,Bajo,2025-10-03,2025-11-02,Alto,0.89,107,1254.852020750734
FAC-2025-0147,CLI_087,Estevez y Torrecilla S.L.,Tecnología,Aragón,6427.74,0,Pendiente,0.9198752218878012,Bajo,2026-01-16,2026-02-15,Alto,0.81,316,5912.718758737095
FAC-2025-0148,CLI_048,Consultoría RU S.A.D,Consultoría,País Vasco,637.5,0,Pendiente,0.936414456767326,Bajo,2025-12-19,2026-02-02,Alto,0.94,317,596.9642161891703
FAC-2025-0149,CLI_049,Supermercados XA S.Coop.,Tecnología,Principado de Asturias,1349.53,0,Pagada,0.9479381015967532,Bajo,2026-01-01,2026-01-16,Alto,0.89,318,1279.2709062478664
FAC-2025-0150,CLI_010,Despacho Inteligentes S.Com.,Alimentación,La Rioja,5101.71,0,Pagada,0.9320985565420944,Bajo,2025-09-12,2025-10-12,Medio,0.71,319,4755.296526896368
FAC-2025-0151,CLI_091,Rosenda Carpio Gálvez S.A.T.,Retail,Castilla y León,1984.06,0,Pendiente,0.9740130737738834,Bajo,2026-01-15,2026-02-14,Medio,0.64,320,1932.5003791518109
FAC-2025-0152,CLI_057,Despacho Sierra & Asociados S.Coop.,Tecnología,Principado de Asturias,3665.6,63,Vencida,0.9825083602674732,Bajo,2025-11-11,2025-11-26,Medio,0.63,146,3601.4826453964497
FAC-2025-0153,CLI_015,Compañía Rodriguez & Asociados S.Com.,Construcción,Región de Murcia,1138.67,137,Vencida,0.9709541669986008,Bajo,2025-08-14,2025-09-13,Medio,0.64,18,1105.5963813362969
FAC-2025-0154,CLI_059,Tecnologías Ibérica S.L.N.E,Alimentación,Castilla y León,958.6,0,Pagada,0.9762682886987616,Bajo,2025-08-30,2025-10-14,Medio,0.68,321,935.8507815466329
FAC-2025-0155,CLI_057,Despacho Sierra & Asociados S.Coop.,Tecnología,Principado de Asturias,4085.84,119,Vencida,0.9825083602674732,Bajo,2025-09-01,2025-10-01,Medio,0.63,50,4014.371958715253
FAC-2025-0156,CLI_090,Inmobiliaria QTQC S.L.,Tecnología,Principado de Asturias,5939.52,0,Pagada,0.9378444470190764,Bajo,2025-11-22,2025-12-22,Alto,0.91,322,5570.345849958745
FAC-2025-0157,CLI_084,Porcel y Acuña S.L.,Transporte,Comunidad Foral de Navarra,4924.97,92,Vencida,0.957641661747864,Bajo,2025-09-28,2025-10-28,Medio,0.77,97,4716.356454858378
FAC-2025-0158,CLI_099,Carreño y asociados S.L.,Construcción,Canarias,6966.1,0,Pendiente,0.1692636237123511,Alto,2026-01-13,2026-02-12,Bajo,0.57,323,1179.107329142609
FAC-2025-0159,CLI_071,Rosales y Estevez S.L.,Hostelería,Comunidad de Madrid,7579.84,0,Pagada,0.1205834523391016,Alto,2025-08-22,2025-09-21,Bajo,0.46,324,914.0032753780159
FAC-2025-0160,CLI_048,Consultoría RU S.A.D,Consultoría,País Vasco,3460.78,101,Vencida,0.936414456767326,Bajo,2025-09-04,2025-10-19,Alto,0.94,80,3240.724423691227
FAC-2025-0161,CLI_044,Talleres Jimenez S.L.,Retail,Extremadura,9999.88,0,Pendiente,0.959069575372998,Bajo,2026-01-25,2026-02-24,Medio,0.61,325,9590.580665380934
FAC-2025-0162,CLI_080,Construcción IS S.L.,Construcción,La Rioja,3470.61,113,Vencida,0.9551781314500282,Bajo,2025-09-07,2025-10-07,Medio,0.62,64,3315.0507747917823
FAC-2025-0163,CLI_093,Hermanos Castañeda S.L.,Hostelería,Cataluña,5703.55,66,Vencida,0.9667364740238223,Bajo,2025-10-09,2025-11-23,Medio,0.7,143,5513.829816418572
FAC-2025-0164,CLI_002,Alfaro y asociados S.Com.,Transporte,Illes Balears,9199.14,0,Pagada,0.9580834714548696,Bajo,2025-08-09,2025-09-08,Medio,0.73,326,8813.543985599348
FAC-2025-0165,CLI_054,Banco del Mediterráneo S.Com.,Construcción,Extremadura,3485.01,25,Vencida,0.1459448419104722,Alto,2025-12-04,2026-01-03,Bajo,0.42,204,508.61923350641473
FAC-2025-0166,CLI_011,Hnos Soriano S.A.,Alimentación,Ciudad Autónoma de Melilla,2300.66,0,Pendiente,0.8868767892668036,Bajo,2026-01-27,2026-02-26,Alto,0.9,327,2040.401953994564
FAC-2025-0167,CLI_081,Supermercados del Levante S.Com.,Transporte,Principado de Asturias,2746.56,0,Pendiente,0.9712373504735976,Bajo,2026-01-19,2026-03-20,Medio,0.78,328,2667.561657316764
FAC-2025-0168,CLI_037,Begoña Peñas Mir S.L.N.E,Tecnología,Cataluña,8565.7,0,Pagada,0.8900637924478937,Bajo,2025-10-27,2025-11-26,Alto,0.86,329,7624.019426970924
FAC-2025-0169,CLI_032,Consultoría Castells & Asociados S.Com.,Transporte,Aragón,4345.71,0,Pagada,0.944598401195153,Bajo,2025-08-06,2025-09-05,Medio,0.74,330,4104.950718057788
FAC-2025-0170,CLI_051,Piñeiro y asociados S.L.N.E,Tecnología,La Rioja,2894.37,21,Vencida,0.1842360398736561,Alto,2025-12-08,2026-01-07,Bajo,0.59,211,533.247266729114
FAC-2025-0171,CLI_081,Supermercados del Levante S.Com.,Transporte,Principado de Asturias,1526.88,0,Pagada,0.9712373504735976,Bajo,2025-11-12,2025-12-27,Medio,0.78,331,1482.9628856911268
FAC-2025-0172,CLI_076,Alimentación Priego y asociados S.L.L.,Tecnología,Castilla y León,980.14,0,Pagada,0.983040083963026,Bajo,2025-08-17,2025-09-01,Medio,0.63,332,963.5169078955203
FAC-2025-0173,CLI_019,Aura Pombo Carranza S.C.P,Construcción,Comunidad Foral de Navarra,1873.87,0,Pagada,0.1985320870440221,Alto,2025-08-05,2025-09-04,Bajo,0.52,333,372.02332194918165
FAC-2025-0174,CLI_090,Inmobiliaria QTQC S.L.,Tecnología,Principado de Asturias,3587.75,130,Vencida,0.9378444470190764,Bajo,2025-08-21,2025-09-20,Alto,0.91,25,3364.7514147926913
FAC-2025-0175,CLI_043,Luís y asociados S.L.U.,Consultoría,Extremadura,787.86,0,Pagada,0.947891394607964,Bajo,2025-11-27,2025-12-27,Alto,0.8,334,746.8057141558305
FAC-2025-0176,CLI_052,Hotel Acevedo S.L.,Consultoría,Canarias,4837.57,109,Vencida,0.9182964060466304,Bajo,2025-09-11,2025-10-11,Alto,0.84,68,4442.323144998998
FAC-2025-0177,CLI_025,Distribuciones Nebot S.L.L.,Retail,Región de Murcia,824.9,62,Vencida,0.2820382571372221,Alto,2025-10-13,2025-11-27,Bajo,0.57,148,232.65335831249448
FAC-2025-0178,CLI_079,Suministros Pi S.A.,Alimentación,Galicia,2846.19,0,Pendiente,0.914805553884445,Bajo,2025-12-18,2026-02-01,Alto,0.81,335,2603.7104194103686
FAC-2025-0179,CLI_012,Cañellas & Asociados S.Com.,Construcción,Castilla y León,5405.87,0,Pendiente,0.9586653624604998,Bajo,2026-01-14,2026-02-13,Medio,0.72,336,5182.420322964342
FAC-2025-0180,CLI_076,Alimentación Priego y asociados S.L.L.,Tecnología,Castilla y León,1638.29,20,Vencida,0.983040083963026,Bajo,2025-12-09,2026-01-08,Medio,0.63,214,1610.5047391557857
FAC-2025-0181,CLI_039,Prat y Ochoa S.L.N.E,Construcción,Castilla y León,5535.58,118,Vencida,0.1298349031942244,Alto,2025-09-02,2025-10-02,Bajo,0.38,55,718.7114934238846
FAC-2025-0182,CLI_001,Menéndez y asociados S.A.,Retail,Región de Murcia,1007.84,0,Pagada,0.9710013403922172,Bajo,2025-10-15,2025-11-29,Medio,0.69,337,978.6139909008922
FAC-2025-0183,CLI_005,Cáceres y Flores S.L.,Construcción,Principado de Asturias,1517.49,118,Vencida,0.9745102466725386,Bajo,2025-09-02,2025-10-02,Medio,0.67,56,1478.8095542231106
FAC-2025-0184,CLI_016,Supermercados Ortega S.Com.,Alimentación,Cantabria,491.12,0,Pagada,0.9770106287466364,Bajo,2025-10-08,2025-11-22,Medio,0.74,338,479.82945999004806
FAC-2025-0185,CLI_096,Transportes Nuñez S.L.N.E,Hostelería,Región de Murcia,3388.2,121,Vencida,0.8718641127321665,Bajo,2025-08-15,2025-09-29,Alto,0.84,47,2954.049986759126
FAC-2025-0186,CLI_001,Menéndez y asociados S.A.,Retail,Región de Murcia,1534.06,140,Vencida,0.9710013403922172,Bajo,2025-08-11,2025-09-10,Medio,0.69,13,1489.5743162420847
FAC-2025-0187,CLI_013,Grupo Arnaiz S.Com.,Alimentación,Aragón,7412.56,45,Vencida,0.1301888580959544,Alto,2025-11-14,2025-12-14,Bajo,0.54,181,965.0327219677478
FAC-2025-0188,CLI_029,Distribuciones del Sur S.L.U.,Tecnología,Castilla y León,1066.74,102,Vencida,0.9409192467865564,Bajo,2025-09-18,2025-10-18,Alto,0.92,78,1003.7161973170911
FAC-2025-0189,CLI_037,Begoña Peñas Mir S.L.N.E,Tecnología,Cataluña,4078.87,82,Vencida,0.8900637924478937,Bajo,2025-10-08,2025-11-07,Alto,0.86,116,3630.45450110194
FAC-2025-0190,CLI_049,Supermercados XA S.Coop.,Tecnología,Principado de Asturias,2830.98,147,Vencida,0.9479381015967532,Bajo,2025-08-04,2025-09-03,Alto,0.89,8,2683.5938068583764
FAC-2025-0191,CLI_034,Manufacturas Vendrell y asociados S.L.,Consultoría,Andalucía,5029.36,126,Vencida,0.9315726384128854,Bajo,2025-08-25,2025-09-24,Alto,0.93,39,4685.214164728229
FAC-2025-0192,CLI_013,Grupo Arnaiz S.Com.,Alimentación,Aragón,6066.68,53,Vencida,0.1301888580959544,Alto,2025-11-06,2025-12-06,Bajo,0.54,163,789.8141416335646
FAC-2025-0193,CLI_038,Hotel Martorell y asociados S.L.,Alimentación,Ciudad Autónoma de Ceuta,1665.63,92,Vencida,0.227552625728159,Alto,2025-09-28,2025-10-28,Bajo,0.51,98,379.0184799915935
FAC-2025-0194,CLI_017,Grupo Ríos S.A.,Hostelería,Comunidad Foral de Navarra,2429.21,0,Pagada,0.9699774151943265,Bajo,2025-09-11,2025-10-11,Medio,0.74,339,2356.2788367642097
FAC-2025-0195,CLI_047,Ezequiel Sanz Pereira S.Com.,Construcción,Galicia,600.24,41,Vencida,0.970937439497614,Bajo,2025-11-03,2025-12-18,Medio,0.72,186,582.7954886840479
FAC-2025-0196,CLI_081,Supermercados del Levante S.Com.,Transporte,Principado de Asturias,2499.25,27,Vencida,0.9712373504735976,Bajo,2025-12-02,2026-01-01,Medio,0.78,201,2427.3649481711386
FAC-2025-0197,CLI_094,Perez y Sans S.A.,Transporte,Principado de Asturias,2897.32,0,Pagada,0.8241666856810774,Bajo,2025-08-29,2025-09-28,Alto,0.88,340,2387.8746217574994
FAC-2025-0198,CLI_075,Llorente y Robledo S.Com.,Transporte,Canarias,6368.48,78,Vencida,0.1465907392984664,Alto,2025-10-12,2025-11-11,Bajo,0.47,125,933.5601914074972
FAC-2025-0199,CLI_031,Paz y Arrieta S.Com.,Construcción,Ciudad Autónoma de Ceuta,1855.87,0,Pagada,0.8526494704924082,Bajo,2025-12-23,2026-01-22,Alto,0.93,341,1582.4065728027456
FAC-2025-0200,CLI_035,Juan Manuel Goñi Aznar S.Coop.,Construcción,Andalucía,2693.37,0,Pagada,0.8527392741181072,Bajo,2025-10-11,2025-11-25,Alto,0.95,342,2296.7423787314865
FAC-2025-0201,CLI_051,Piñeiro y asociados S.L.N.E,Tecnología,La Rioja,5256.96,0,Pendiente,0.1842360398736561,Alto,2026-01-24,2026-02-23,Bajo,0.59,343,968.5214921742153
FAC-2025-0202,CLI_032,Consultoría Castells & Asociados S.Com.,Transporte,Aragón,7322.26,0,Pendiente,0.944598401195153,Bajo,2026-01-22,2026-02-21,Medio,0.74,344,6916.595089135221
FAC-2025-0203,CLI_026,Hnos Manjón S.L.,Transporte,Región de Murcia,11785.5,0,Pagada,0.132648555946684,Alto,2025-12-16,2026-01-15,Bajo,0.55,345,1563.3295561096445
FAC-2025-0204,CLI_043,Luís y asociados S.L.U.,Consultoría,Extremadura,782.82,0,Pendiente,0.947891394607964,Bajo,2025-12-30,2026-01-29,Alto,0.8,346,742.0283415270064
FAC-2025-0205,CLI_085,Infraestructuras SBHF S.Coop.,Retail,Principado de Asturias,2955.76,69,Vencida,0.9090937146250913,Bajo,2025-11-05,2025-11-20,Alto,0.83,141,2687.06283794026
FAC-2025-0206,CLI_011,Hnos Soriano S.A.,Alimentación,Ciudad Autónoma de Melilla,4081.88,0,Pagada,0.8868767892668036,Bajo,2025-09-10,2025-10-10,Alto,0.9,347,3620.12462857238
FAC-2025-0207,CLI_029,Distribuciones del Sur S.L.U.,Tecnología,Castilla y León,880.75,0,Pagada,0.9409192467865564,Bajo,2025-10-02,2025-11-01,Alto,0.92,348,828.7146266072596
FAC-2025-0208,CLI_024,Compañía Iglesia & Asociados S.L.,Retail,Ciudad Autónoma de Melilla,2574.54,0,Pagada,0.2162739548440516,Alto,2025-08-02,2025-09-01,Bajo,0.46,349,556.8059477042046
FAC-2025-0209,CLI_092,Hermanos Lucas S.Coop.,Tecnología,Región de Murcia,3415.79,0,Pagada,0.934647370178857,Bajo,2025-12-07,2026-01-06,Alto,0.85,350,3192.559140583238
FAC-2025-0210,CLI_012,Cañellas & Asociados S.Com.,Construcción,Castilla y León,6342.55,73,Vencida,0.9586653624604998,Bajo,2025-10-17,2025-11-16,Medio,0.72,133,6080.382994673843
FAC-2025-0211,CLI_015,Compañía Rodriguez & Asociados S.Com.,Construcción,Región de Murcia,1216.5,51,Vencida,0.9709541669986008,Bajo,2025-11-08,2025-12-08,Medio,0.64,168,1181.165744153798
FAC-2025-0212,CLI_028,Donato Lastra Sancho S.C.P,Tecnología,Extremadura,1537.01,0,Pendiente,0.9763243527827308,Bajo,2025-12-28,2026-02-11,Medio,0.72,351,1500.620293470585
FAC-2025-0213,CLI_084,Porcel y Acuña S.L.,Transporte,Comunidad Foral de Navarra,6083.04,55,Vencida,0.957641661747864,Bajo,2025-11-04,2025-12-04,Medio,0.77,158,5825.372534078727
FAC-2025-0214,CLI_073,Cecilia Vila Raya S.A.,Alimentación,Región de Murcia,1169.35,0,Pagada,0.9747065939904848,Bajo,2025-09-08,2025-10-08,Medio,0.79,352,1139.7731556827732
FAC-2025-0215,CLI_037,Begoña Peñas Mir S.L.N.E,Tecnología,Cataluña,6992.62,0,Pendiente,0.8900637924478937,Bajo,2026-01-18,2026-02-02,Alto,0.86,353,6223.87787634699
FAC-2025-0216,CLI_068,Familia Lozano S.L.N.E,Construcción,Comunidad de Madrid,542.77,70,Vencida,0.1251897965382272,Alto,2025-10-20,2025-11-19,Bajo,0.49,139,67.94926586705358
FAC-2025-0217,CLI_081,Supermercados del Levante S.Com.,Transporte,Principado de Asturias,4368.44,139,Vencida,0.9712373504735976,Bajo,2025-08-12,2025-09-11,Medio,0.78,15,4242.792091302882
FAC-2025-0218,CLI_022,Inversiones ZLB S.L.,Consultoría,Ciudad Autónoma de Ceuta,1453.42,28,Vencida,0.981133413849636,Bajo,2025-12-01,2025-12-31,Medio,0.77,199,1425.9989263573382
FAC-2025-0219,CLI_074,Blazquez y Herrero S.Coop.,Consultoría,Cantabria,2660.18,0,Pendiente,0.9485765014366092,Bajo,2026-01-25,2026-02-24,Alto,0.81,354,2523.384237591639
FAC-2025-0220,CLI_040,Inmobiliaria Cervantes & Asociados S.Coop.,Retail,Extremadura,3753.34,25,Vencida,0.9641045912341972,Bajo,2025-12-04,2026-01-03,Medio,0.62,205,3618.612326462962
FAC-2025-0221,CLI_046,Comercial Españolas S.Coop.,Tecnología,Canarias,8804.62,46,Vencida,0.9591326791555878,Bajo,2025-11-13,2025-12-13,Medio,0.64,180,8444.798769546871
FAC-2025-0222,CLI_002,Alfaro y asociados S.Com.,Transporte,Illes Balears,8123.55,100,Vencida,0.9580834714548696,Bajo,2025-09-20,2025-10-20,Medio,0.73,83,7783.0389845372065
FAC-2025-0223,CLI_056,Asdrubal Ocaña Piquer S.L.,Consultoría,Castilla-La Mancha,5626.56,45,Vencida,0.9385796852731568,Bajo,2025-11-14,2025-12-14,Alto,0.86,182,5280.974913970534
FAC-2025-0224,CLI_045,Servicios EZYW S.A.,Consultoría,Galicia,3883.22,0,Pendiente,0.913509674634116,Bajo,2026-01-13,2026-02-12,Alto,0.88,355,3547.3590387326917
FAC-2025-0225,CLI_043,Luís y asociados S.L.U.,Consultoría,Extremadura,1057.6,0,Pendiente,0.947891394607964,Bajo,2026-01-06,2026-02-05,Alto,0.8,356,1002.4899389373827
FAC-2025-0226,CLI_030,Atienza & Asociados S.C.P,Transporte,Galicia,1145.36,55,Vencida,0.2227786832058206,Alto,2025-11-04,2025-12-04,Bajo,0.59,159,255.16179259661865
FAC-2025-0227,CLI_088,Agustí y asociados S.A.,Consultoría,Principado de Asturias,877.43,38,Vencida,0.9559353617432154,Bajo,2025-10-22,2025-12-21,Alto,0.93,192,838.7663644543494
FAC-2025-0228,CLI_037,Begoña Peñas Mir S.L.N.E,Tecnología,Cataluña,8091.31,0,Pendiente,0.8900637924478937,Bajo,2026-01-12,2026-02-26,Alto,0.86,357,7201.782064471567
FAC-2025-0229,CLI_043,Luís y asociados S.L.U.,Consultoría,Extremadura,953.82,118,Vencida,0.947891394607964,Bajo,2025-09-02,2025-10-02,Alto,0.8,57,904.1177700049683
FAC-2025-0230,CLI_023,Desarrollo Roselló S.Coop.,Alimentación,La Rioja,1694.81,0,Pagada,0.9727479614549368,Bajo,2025-09-15,2025-10-15,Medio,0.75,358,1648.6229725534413
FAC-2025-0231,CLI_018,Peral y asociados S.L.,Tecnología,Cantabria,4476.05,0,Pagada,0.9130223483269676,Bajo,2025-10-07,2025-11-06,Alto,0.82,359,4086.7336822289235
FAC-2025-0232,CLI_061,María Montero Frutos S.Com.,Construcción,Región de Murcia,5126.46,0,Pagada,0.9192091860253052,Bajo,2025-12-12,2026-01-11,Medio,0.71,360,4712.289123791286
FAC-2025-0233,CLI_022,Inversiones ZLB S.L.,Consultoría,Ciudad Autónoma de Ceuta,1635.18,0,Pagada,0.981133413849636,Bajo,2025-08-26,2025-09-10,Medio,0.77,361,1604.329735658648
FAC-2025-0234,CLI_065,Instalaciones Alemany y asociados S.L.L.,Hostelería,Galicia,8982.67,104,Vencida,0.952443944329254,Bajo,2025-09-01,2025-10-16,Medio,0.73,74,8555.48964540806
FAC-2025-0235,CLI_096,Transportes Nuñez S.L.N.E,Hostelería,Región de Murcia,3593.08,103,Vencida,0.8718641127321665,Bajo,2025-09-02,2025-10-17,Alto,0.84,77,3132.6775061756925
FAC-2025-0236,CLI_002,Alfaro y asociados S.Com.,Transporte,Illes Balears,9635.19,0,Pagada,0.9580834714548696,Bajo,2025-12-08,2026-01-07,Medio,0.73,362,9231.316283327245
FAC-2025-0237,CLI_045,Servicios EZYW S.A.,Consultoría,Galicia,4354.61,156,Vencida,0.913509674634116,Bajo,2025-08-10,2025-08-25,Alto,0.88,2,3977.9783642584675
FAC-2025-0238,CLI_043,Luís y asociados S.L.U.,Consultoría,Extremadura,608.03,0,Pendiente,0.947891394607964,Bajo,2025-12-31,2026-01-30,Alto,0.8,363,576.3464046634804
FAC-2025-0239,CLI_087,Estevez y Torrecilla S.L.,Tecnología,Aragón,7210.53,0,Pagada,0.9198752218878012,Bajo,2025-11-29,2025-12-29,Alto,0.81,364,6632.787883678648
FAC-2025-0240,CLI_060,Heras y Montoya S.L.,Retail,Illes Balears,7701.84,22,Vencida,0.8559055333967132,Bajo,2025-11-22,2026-01-06,Alto,0.9,209,6592.047473336142
FAC-2025-0241,CLI_038,Hotel Martorell y asociados S.L.,Alimentación,Ciudad Autónoma de Ceuta,2614.67,123,Vencida,0.227552625728159,Alto,2025-08-28,2025-09-27,Bajo,0.51,42,594.9750239126455
FAC-2025-0242,CLI_084,Porcel y Acuña S.L.,Transporte,Comunidad Foral de Navarra,3786.2,0,Pagada,0.957641661747864,Bajo,2025-12-24,2026-01-23,Medio,0.77,365,3625.8228597097627
FAC-2025-0243,CLI_016,Supermercados Ortega S.Com.,Alimentación,Cantabria,3085.17,0,Pagada,0.9770106287466364,Bajo,2025-08-12,2025-09-11,Medio,0.74,366,3014.2438814902603
FAC-2025-0244,CLI_086,Logística Carranza S.A.U,Construcción,Comunidad de Madrid,7223.01,74,Vencida,0.1194712961787283,Alto,2025-10-01,2025-11-15,Bajo,0.53,130,862.9423670119163
FAC-2025-0245,CLI_075,Llorente y Robledo S.Com.,Transporte,Canarias,6908.6,0,Pagada,0.1465907392984664,Alto,2025-11-12,2025-12-27,Bajo,0.47,367,1012.736781517385
FAC-2025-0246,CLI_085,Infraestructuras SBHF S.Coop.,Retail,Principado de Asturias,2603.77,0,Pendiente,0.9090937146250913,Bajo,2026-01-08,2026-02-07,Alto,0.83,368,2367.070941329374
FAC-2025-0247,CLI_053,Finanzas Carbajo & Asociados S.L.L.,Transporte,Aragón,4748.88,0,Pagada,0.949870163233032,Bajo,2025-11-09,2025-12-24,Medio,0.63,369,4510.819420774081
FAC-2025-0248,CLI_024,Compañía Iglesia & Asociados S.L.,Retail,Ciudad Autónoma de Melilla,1714.13,106,Vencida,0.2162739548440516,Alto,2025-08-15,2025-10-14,Bajo,0.46,73,370.7216742168342
FAC-2025-0249,CLI_041,Cornelio Cervantes Adadia S.L.N.E,Alimentación,Principado de Asturias,4371.77,56,Vencida,0.964125921257704,Bajo,2025-11-03,2025-12-03,Medio,0.74,157,4214.936778776793
FAC-2025-0250,CLI_096,Transportes Nuñez S.L.N.E,Hostelería,Región de Murcia,3775.44,0,Pendiente,0.8718641127321665,Bajo,2026-01-05,2026-02-04,Alto,0.84,370,3291.6706457735304
FAC-2025-0251,CLI_012,Cañellas & Asociados S.Com.,Construcción,Castilla y León,4781.51,2,Vencida,0.9586653624604998,Bajo,2025-12-27,2026-01-26,Medio,0.72,236,4583.868017258505
FAC-2025-0252,CLI_006,Inmobiliaria Sancho S.L.N.E,Retail,La Rioja,614.58,0,Pagada,0.8964353385655441,Bajo,2025-12-24,2026-01-23,Alto,0.95,371,550.9312303756121
FAC-2025-0253,CLI_032,Consultoría Castells & Asociados S.Com.,Transporte,Aragón,6385.68,93,Vencida,0.944598401195153,Bajo,2025-09-27,2025-10-27,Medio,0.74,95,6031.903118543865
FAC-2025-0254,CLI_089,Grupo Manzano S.A.,Transporte,Ciudad Autónoma de Melilla,2079.85,0,Pendiente,0.8757984621698774,Bajo,2026-01-13,2026-02-12,Alto,0.87,372,1821.5294315440194
FAC-2025-0255,CLI_096,Transportes Nuñez S.L.N.E,Hostelería,Región de Murcia,4456.45,90,Vencida,0.8718641127321665,Bajo,2025-09-30,2025-10-30,Alto,0.84,100,3885.418825185263
FAC-2025-0256,CLI_086,Logística Carranza S.A.U,Construcción,Comunidad de Madrid,6741.41,48,Vencida,0.1194712961787283,Alto,2025-11-11,2025-12-11,Bajo,0.53,176,805.4049907722407
FAC-2025-0257,CLI_046,Comercial Españolas S.Coop.,Tecnología,Canarias,8553.48,0,Pagada,0.9591326791555878,Bajo,2025-08-23,2025-09-22,Medio,0.64,373,8203.922188503737
FAC-2025-0258,CLI_021,Consultoría Ibérica S.L.,Transporte,Principado de Asturias,7960.94,109,Vencida,0.1227103078583486,Alto,2025-09-11,2025-10-11,Bajo,0.42,69,976.8893982418417
FAC-2025-0259,CLI_074,Blazquez y Herrero S.Coop.,Consultoría,Cantabria,3437.5,0,Pagada,0.9485765014366092,Bajo,2025-12-01,2026-01-15,Alto,0.81,374,3260.731723688344
FAC-2025-0260,CLI_062,Despacho Ferrández y asociados S.A.T.,Transporte,Galicia,2072.18,0,Pagada,0.9649383980540476,Bajo,2025-10-16,2025-11-15,Medio,0.68,375,1999.5260496796361
FAC-2025-0261,CLI_032,Consultoría Castells & Asociados S.Com.,Transporte,Aragón,7371.31,57,Vencida,0.944598401195153,Bajo,2025-11-02,2025-12-02,Medio,0.74,153,6962.927640713844
FAC-2025-0262,CLI_079,Suministros Pi S.A.,Alimentación,Galicia,2076.6,0,Pagada,0.914805553884445,Bajo,2025-12-26,2026-01-25,Alto,0.81,376,1899.6852131964383
FAC-2025-0263,CLI_089,Grupo Manzano S.A.,Transporte,Ciudad Autónoma de Melilla,1535.31,0,Pendiente,0.8757984621698774,Bajo,2026-01-06,2026-02-05,Alto,0.87,377,1344.6221369540344
FAC-2025-0264,CLI_079,Suministros Pi S.A.,Alimentación,Galicia,2354.07,0,Pagada,0.914805553884445,Bajo,2025-09-09,2025-10-09,Alto,0.81,378,2153.5163102327556
FAC-2025-0265,CLI_065,Instalaciones Alemany y asociados S.L.L.,Hostelería,Galicia,4444.04,0,Pagada,0.952443944329254,Bajo,2025-11-17,2025-12-17,Medio,0.73,379,4232.698986356978
FAC-2025-0266,CLI_049,Supermercados XA S.Coop.,Tecnología,Principado de Asturias,1995.71,81,Vencida,0.9479381015967532,Bajo,2025-10-09,2025-11-08,Alto,0.89,118,1891.8095487376563
FAC-2025-0267,CLI_006,Inmobiliaria Sancho S.L.N.E,Retail,La Rioja,639.04,0,Pagada,0.8964353385655441,Bajo,2025-11-15,2025-12-15,Alto,0.95,380,572.8580387569253
FAC-2025-0268,CLI_060,Heras y Montoya S.L.,Retail,Illes Balears,5018.29,110,Vencida,0.8559055333967132,Bajo,2025-09-10,2025-10-10,Alto,0.9,67,4295.182179189392
FAC-2025-0269,CLI_078,Farmaceútica Avanzadas S.L.N.E,Hostelería,Cataluña,2563.61,129,Vencida,0.95529457915186,Bajo,2025-08-22,2025-09-21,Medio,0.7,30,2449.0027360595
FAC-2025-0270,CLI_034,Manufacturas Vendrell y asociados S.L.,Consultoría,Andalucía,4798.86,79,Vencida,0.9315726384128854,Bajo,2025-10-11,2025-11-10,Alto,0.93,121,4470.486671574059
FAC-2025-0271,CLI_098,Suministros Española S.L.,Transporte,Andalucía,1208.62,84,Vencida,0.2228777364211147,Alto,2025-10-06,2025-11-05,Bajo,0.45,114,269.37448979328764
FAC-2025-0272,CLI_061,María Montero Frutos S.Com.,Construcción,Región de Murcia,8585.63,21,Vencida,0.9192091860253052,Bajo,2025-11-23,2026-01-07,Medio,0.71,212,7891.989963814441
FAC-2025-0273,CLI_090,Inmobiliaria QTQC S.L.,Tecnología,Principado de Asturias,4062.56,86,Vencida,0.9378444470190764,Bajo,2025-10-19,2025-11-03,Alto,0.91,108,3810.049336681819
FAC-2025-0274,CLI_094,Perez y Sans S.A.,Transporte,Principado de Asturias,3354.14,0,Pagada,0.8241666856810774,Bajo,2026-01-11,2026-01-26,Alto,0.88,381,2764.3704471103288
FAC-2025-0275,CLI_014,Llano & Asociados S.L.,Construcción,La Rioja,2064.09,0,Pendiente,0.14379409593949,Alto,2026-01-09,2026-02-08,Bajo,0.59,382,296.8039554877419
FAC-2025-0276,CLI_059,Tecnologías Ibérica S.L.N.E,Alimentación,Castilla y León,844.92,0,Pagada,0.9762682886987616,Bajo,2025-10-30,2025-11-29,Medio,0.68,383,824.8686024873576
FAC-2025-0277,CLI_001,Menéndez y asociados S.A.,Retail,Región de Murcia,1247.15,0,Pendiente,0.9710013403922172,Bajo,2026-01-04,2026-02-03,Medio,0.69,384,1210.9843216701538
FAC-2025-0278,CLI_095,Fabiola Palma Barroso S.L.,Alimentación,Ciudad Autónoma de Melilla,4814.43,0,Pagada,0.9616734482639384,Bajo,2025-10-20,2025-12-04,Medio,0.66,385,4629.909499525354
FAC-2025-0279,CLI_062,Despacho Ferrández y asociados S.A.T.,Transporte,Galicia,1906.53,0,Pagada,0.9649383980540476,Bajo,2025-12-10,2026-01-09,Medio,0.68,386,1839.6840040419834
FAC-2025-0280,CLI_007,Gutiérrez y asociados S.L.U.,Consultoría,País Vasco,2037.82,98,Vencida,0.985795317631015,Bajo,2025-09-07,2025-10-22,Medio,0.7,88,2008.873414174835
FAC-2025-0281,CLI_020,Supermercados Bonilla S.L.L.,Construcción,Galicia,3495.05,0,Pagada,0.9552192837331204,Bajo,2025-09-18,2025-10-03,Medio,0.68,387,3338.5391576114425
FAC-2025-0282,CLI_023,Desarrollo Roselló S.Coop.,Alimentación,La Rioja,1253.54,0,Pagada,0.9727479614549368,Bajo,2025-08-27,2025-09-26,Medio,0.75,388,1219.3784796022214
FAC-2025-0283,CLI_048,Consultoría RU S.A.D,Consultoría,País Vasco,3930.71,0,Pagada,0.936414456767326,Bajo,2025-12-18,2026-01-17,Alto,0.94,389,3680.7736693598963
FAC-2025-0284,CLI_073,Cecilia Vila Raya S.A.,Alimentación,Región de Murcia,2839.93,0,Pagada,0.9747065939904848,Bajo,2025-09-19,2025-10-04,Medio,0.79,390,2768.0984974713974
FAC-2025-0285,CLI_025,Distribuciones Nebot S.L.L.,Retail,Región de Murcia,518.13,100,Vencida,0.2820382571372221,Alto,2025-09-05,2025-10-20,Bajo,0.57,84,146.13248217050887
FAC-2025-0286,CLI_012,Cañellas & Asociados S.Com.,Construcción,Castilla y León,2832.75,0,Pagada,0.9586653624604998,Bajo,2025-09-11,2025-11-10,Medio,0.72,391,2715.659305509981
FAC-2025-0287,CLI_041,Cornelio Cervantes Adadia S.L.N.E,Alimentación,Principado de Asturias,3945.0,0,Pendiente,0.964125921257704,Bajo,2026-01-06,2026-02-05,Medio,0.74,392,3803.4767593616425
FAC-2025-0288,CLI_011,Hnos Soriano S.A.,Alimentación,Ciudad Autónoma de Melilla,4575.18,101,Vencida,0.8868767892668036,Bajo,2025-09-19,2025-10-19,Alto,0.9,81,4057.620948717695
FAC-2025-0289,CLI_046,Comercial Españolas S.Coop.,Tecnología,Canarias,11789.31,0,Pagada,0.9591326791555878,Bajo,2025-09-29,2025-10-29,Medio,0.64,393,11307.512485695761
FAC-2025-0290,CLI_042,Banco Iberia S.Com.,Transporte,Illes Balears,3904.14,15,Vencida,0.206964395506403,Alto,2025-12-14,2026-01-13,Bajo,0.32,220,808.0179750723681
FAC-2025-0291,CLI_034,Manufacturas Vendrell y asociados S.L.,Consultoría,Andalucía,4699.75,0,Pagada,0.9315726384128854,Bajo,2025-09-29,2025-10-29,Alto,0.93,394,4378.158507380958
FAC-2025-0292,CLI_056,Asdrubal Ocaña Piquer S.L.,Consultoría,Castilla-La Mancha,3772.07,0,Pendiente,0.9385796852731568,Bajo,2026-01-03,2026-02-02,Alto,0.86,395,3540.388273428317
FAC-2025-0293,CLI_069,Inversiones DD S.L.L.,Alimentación,Región de Murcia,3248.37,0,Pendiente,0.963848109659912,Bajo,2025-12-31,2026-01-30,Medio,0.72,396,3130.935283975968
FAC-2025-0294,CLI_046,Comercial Españolas S.Coop.,Tecnología,Canarias,10349.28,0,Pendiente,0.9591326791555878,Bajo,2026-01-08,2026-02-07,Medio,0.64,397,9926.332653731342
FAC-2025-0295,CLI_066,Servicios Bermúdez y asociados S.L.N.E,Hostelería,Comunidad de Madrid,5791.66,0,Pagada,0.1400958386804542,Alto,2025-11-02,2025-12-02,Bajo,0.56,398,811.3874650520393
FAC-2025-0296,CLI_065,Instalaciones Alemany y asociados S.L.L.,Hostelería,Galicia,4303.32,85,Vencida,0.952443944329254,Bajo,2025-10-20,2025-11-04,Medio,0.73,110,4098.671074510965
FAC-2025-0297,CLI_060,Heras y Montoya S.L.,Retail,Illes Balears,4893.17,0,Pagada,0.8559055333967132,Bajo,2025-09-19,2025-10-19,Alto,0.9,399,4188.091278850795
FAC-2025-0298,CLI_062,Despacho Ferrández y asociados S.A.T.,Transporte,Galicia,2595.41,0,Pagada,0.9649383980540476,Bajo,2025-12-15,2026-01-14,Medio,0.68,400,2504.4107676934555
FAC-2025-0299,CLI_064,Despacho LX S.A.,Alimentación,Andalucía,1698.49,0,Pendiente,0.2569512994969616,Alto,2026-01-27,2026-02-26,Bajo,0.53,401,436.4292126825943
FAC-2025-0300,CLI_062,Despacho Ferrández y asociados S.A.T.,Transporte,Galicia,1685.34,0,Pagada,0.9649383980540476,Bajo,2025-09-07,2025-09-22,Medio,0.68,402,1626.2492797764085
FAC-2025-0301,CLI_026,Hnos Manjón S.L.,Transporte,Región de Murcia,11467.08,0,Pagada,0.132648555946684,Alto,2025-12-10,2026-01-09,Bajo,0.55,403,1521.0916029251014
FAC-2025-0302,CLI_062,Despacho Ferrández y asociados S.A.T.,Transporte,Galicia,1365.29,91,Vencida,0.9649383980540476,Bajo,2025-09-29,2025-10-29,Medio,0.68,99,1317.4207454792106
FAC-2025-0303,CLI_097,Desarrollo Inteligentes S.A.,Consultoría,Comunitat Valenciana,1598.54,0,Pagada,0.9498220884966404,Bajo,2025-08-24,2025-09-08,Alto,0.84,404,1518.3286013454194
FAC-2025-0304,CLI_094,Perez y Sans S.A.,Transporte,Principado de Asturias,3327.41,6,Vencida,0.8241666856810774,Bajo,2025-11-23,2026-01-22,Alto,0.88,232,2742.3404716020736
FAC-2025-0305,CLI_015,Compañía Rodriguez & Asociados S.Com.,Construcción,Región de Murcia,958.78,159,Vencida,0.9709541669986008,Bajo,2025-08-07,2025-08-22,Medio,0.64,1,930.9314362349185
FAC-2025-0306,CLI_043,Luís y asociados S.L.U.,Consultoría,Extremadura,872.44,70,Vencida,0.947891394607964,Bajo,2025-10-20,2025-11-19,Alto,0.8,140,826.9783683117722
FAC-2025-0307,CLI_034,Manufacturas Vendrell y asociados S.L.,Consultoría,Andalucía,5016.38,0,Pagada,0.9315726384128854,Bajo,2025-10-02,2025-11-01,Alto,0.93,405,4673.1223518816305
FAC-2025-0308,CLI_088,Agustí y asociados S.A.,Consultoría,Principado de Asturias,376.81,0,Pagada,0.9559353617432154,Bajo,2025-11-07,2025-12-07,Alto,0.93,406,360.206003658461
FAC-2025-0309,CLI_088,Agustí y asociados S.A.,Consultoría,Principado de Asturias,689.34,0,Pagada,0.9559353617432154,Bajo,2025-12-15,2026-01-14,Alto,0.93,407,658.9644822640681
FAC-2025-0310,CLI_034,Manufacturas Vendrell y asociados S.L.,Consultoría,Andalucía,3071.79,14,Vencida,0.9315726384128854,Bajo,2025-11-15,2026-01-14,Alto,0.93,223,2861.595514950317
FAC-2025-0311,CLI_022,Inversiones ZLB S.L.,Consultoría,Ciudad Autónoma de Ceuta,1993.58,0,Pagada,0.981133413849636,Bajo,2025-10-25,2025-11-24,Medio,0.77,408,1955.9679511823574
FAC-2025-0312,CLI_035,Juan Manuel Goñi Aznar S.Coop.,Construcción,Andalucía,2042.01,0,Pagada,0.8527392741181072,Bajo,2025-10-25,2025-11-24,Alto,0.95,409,1741.3021251419161
FAC-2025-0313,CLI_069,Inversiones DD S.L.L.,Alimentación,Región de Murcia,2996.06,19,Vencida,0.963848109659912,Bajo,2025-12-10,2026-01-09,Medio,0.72,215,2887.746767427676
FAC-2025-0314,CLI_022,Inversiones ZLB S.L.,Consultoría,Ciudad Autónoma de Ceuta,3465.92,0,Pendiente,0.981133413849636,Bajo,2026-01-01,2026-01-31,Medio,0.77,410,3400.5299217297306
FAC-2025-0315,CLI_030,Atienza & Asociados S.C.P,Transporte,Galicia,626.91,0,Pagada,0.2227786832058206,Alto,2025-10-06,2025-12-05,Bajo,0.59,411,139.66218428856098
FAC-2025-0316,CLI_077,Mauricio Elías Puig S.L.N.E,Alimentación,Ciudad Autónoma de Melilla,1092.1,1,Vencida,0.966120598738486,Bajo,2025-12-28,2026-01-27,Medio,0.64,237,1055.1003058823005
FAC-2025-0317,CLI_008,Tecnologías Sanabria S.Coop.,Tecnología,Comunitat Valenciana,5537.3,124,Vencida,0.9703101724299265,Bajo,2025-08-12,2025-09-26,Medio,0.68,40,5372.898517796232
FAC-2025-0318,CLI_041,Cornelio Cervantes Adadia S.L.N.E,Alimentación,Principado de Asturias,3030.72,0,Pagada,0.964125921257704,Bajo,2025-12-21,2026-01-05,Medio,0.74,412,2921.9957120741487
FAC-2025-0319,CLI_042,Banco Iberia S.Com.,Transporte,Illes Balears,4029.82,0,Pendiente,0.206964395506403,Alto,2026-01-04,2026-02-03,Bajo,0.32,413,834.0292602996129
FAC-2025-0320,CLI_072,Restauración Moliner S.Com.,Consultoría,Región de Murcia,5183.17,0,Pagada,0.9319034957708822,Bajo,2025-12-26,2026-01-25,Alto,0.88,414,4830.214242174763
FAC-2025-0321,CLI_038,Hotel Martorell y asociados S.L.,Alimentación,Ciudad Autónoma de Ceuta,3541.44,127,Vencida,0.227552625728159,Alto,2025-08-09,2025-09-23,Bajo,0.51,36,805.8639708587315
FAC-2025-0322,CLI_023,Desarrollo Roselló S.Coop.,Alimentación,La Rioja,1403.6,136,Vencida,0.9727479614549368,Bajo,2025-08-15,2025-09-14,Medio,0.75,21,1365.3490386981491
FAC-2025-0323,CLI_018,Peral y asociados S.L.,Tecnología,Cantabria,8228.89,81,Vencida,0.9130223483269676,Bajo,2025-09-24,2025-11-08,Alto,0.82,119,7513.1604719243
FAC-2025-0324,CLI_019,Aura Pombo Carranza S.C.P,Construcción,Comunidad Foral de Navarra,3356.89,0,Pendiente,0.1985320870440221,Alto,2026-01-04,2026-02-03,Bajo,0.52,415,666.4503776772073
FAC-2025-0325,CLI_014,Llano & Asociados S.L.,Construcción,La Rioja,2259.48,0,Pendiente,0.14379409593949,Alto,2026-01-06,2026-02-05,Bajo,0.59,416,324.89988389335883
FAC-2025-0326,CLI_092,Hermanos Lucas S.Coop.,Tecnología,Región de Murcia,3710.0,111,Vencida,0.934647370178857,Bajo,2025-09-09,2025-10-09,Alto,0.85,66,3467.5417433635594
FAC-2025-0327,CLI_095,Fabiola Palma Barroso S.L.,Alimentación,Ciudad Autónoma de Melilla,5642.14,0,Pendiente,0.9616734482639384,Bajo,2026-01-01,2026-01-31,Medio,0.66,417,5425.896229387898
FAC-2025-0328,CLI_012,Cañellas & Asociados S.Com.,Construcción,Castilla y León,5863.09,0,Pendiente,0.9586653624604998,Bajo,2025-12-22,2026-02-05,Medio,0.72,418,5620.741299988532
FAC-2025-0329,CLI_082,Despacho QXK S.Coop.,Hostelería,Extremadura,4224.63,0,Pagada,0.1649038897016025,Alto,2025-11-11,2026-01-10,Bajo,0.33,419,696.6579195500809
FAC-2025-0330,CLI_014,Llano & Asociados S.L.,Construcción,La Rioja,1858.11,63,Vencida,0.14379409593949,Alto,2025-10-27,2025-11-26,Bajo,0.59,147,267.18524760612576
FAC-2025-0331,CLI_059,Tecnologías Ibérica S.L.N.E,Alimentación,Castilla y León,1057.5,100,Vencida,0.9762682886987616,Bajo,2025-09-20,2025-10-20,Medio,0.68,85,1032.4037152989404
FAC-2025-0332,CLI_062,Despacho Ferrández y asociados S.A.T.,Transporte,Galicia,2945.9,88,Vencida,0.9649383980540476,Bajo,2025-10-02,2025-11-01,Medio,0.68,103,2842.612026827419
FAC-2025-0333,CLI_064,Despacho LX S.A.,Alimentación,Andalucía,2992.45,122,Vencida,0.2569512994969616,Alto,2025-08-29,2025-09-28,Bajo,0.53,44,768.9139161796827
FAC-2025-0334,CLI_051,Piñeiro y asociados S.L.N.E,Tecnología,La Rioja,5083.96,76,Vencida,0.1842360398736561,Alto,2025-10-14,2025-11-13,Bajo,0.59,129,936.6486572760728
FAC-2025-0335,CLI_047,Ezequiel Sanz Pereira S.Com.,Construcción,Galicia,678.15,25,Vencida,0.970937439497614,Bajo,2025-12-19,2026-01-03,Medio,0.72,206,658.441224595307
FAC-2025-0336,CLI_036,Mauricio Riquelme Cordero S.Com.,Transporte,Extremadura,6909.06,101,Vencida,0.9570742606914356,Bajo,2025-09-19,2025-10-19,Medio,0.65,82,6612.483491572771
FAC-2025-0337,CLI_088,Agustí y asociados S.A.,Consultoría,Principado de Asturias,924.61,51,Vencida,0.9559353617432154,Bajo,2025-11-08,2025-12-08,Alto,0.93,169,883.8673948213943
FAC-2025-0338,CLI_084,Porcel y Acuña S.L.,Transporte,Comunidad Foral de Navarra,4287.53,0,Pendiente,0.957641661747864,Bajo,2026-01-13,2026-02-27,Medio,0.77,420,4105.917353993819
FAC-2025-0339,CLI_077,Mauricio Elías Puig S.L.N.E,Alimentación,Ciudad Autónoma de Melilla,2277.41,128,Vencida,0.966120598738486,Bajo,2025-08-23,2025-09-22,Medio,0.64,33,2200.2527127730154
FAC-2025-0340,CLI_020,Supermercados Bonilla S.L.L.,Construcción,Galicia,4171.29,0,Pagada,0.9552192837331204,Bajo,2025-08-16,2025-09-15,Medio,0.68,421,3984.496646043128
FAC-2025-0341,CLI_056,Asdrubal Ocaña Piquer S.L.,Consultoría,Castilla-La Mancha,3730.45,0,Pagada,0.9385796852731568,Bajo,2025-12-07,2026-01-21,Alto,0.86,422,3501.3245869272478
FAC-2025-0342,CLI_060,Heras y Montoya S.L.,Retail,Illes Balears,6238.68,0,Pagada,0.8559055333967132,Bajo,2025-09-21,2025-10-21,Alto,0.9,423,5339.720733091407
FAC-2025-0343,CLI_009,Inversiones Españolas S.A.,Retail,La Rioja,5297.31,26,Vencida,0.0814941594740482,Alto,2025-12-03,2026-01-02,Bajo,0.38,202,431.6998259234703
FAC-2025-0344,CLI_087,Estevez y Torrecilla S.L.,Tecnología,Aragón,5021.69,119,Vencida,0.9198752218878012,Bajo,2025-09-01,2025-10-01,Alto,0.81,51,4619.328203001753
FAC-2025-0345,CLI_052,Hotel Acevedo S.L.,Consultoría,Canarias,4666.91,0,Pagada,0.9182964060466304,Bajo,2025-12-15,2025-12-30,Alto,0.84,424,4285.6066803430795
FAC-2025-0346,CLI_036,Mauricio Riquelme Cordero S.Com.,Transporte,Extremadura,4659.0,0,Pagada,0.9570742606914356,Bajo,2025-08-04,2025-09-18,Medio,0.65,425,4459.008980561399
FAC-2025-0347,CLI_042,Banco Iberia S.Com.,Transporte,Illes Balears,5389.45,7,Vencida,0.206964395506403,Alto,2025-12-22,2026-01-21,Bajo,0.32,231,1115.4242613619836
FAC-2025-0348,CLI_080,Construcción IS S.L.,Construcción,La Rioja,4881.93,0,Pendiente,0.9551781314500282,Bajo,2026-01-08,2026-02-07,Medio,0.62,426,4663.112775269837
FAC-2025-0349,CLI_045,Servicios EZYW S.A.,Consultoría,Galicia,4505.29,0,Pagada,0.913509674634116,Bajo,2025-10-15,2025-11-14,Alto,0.88,427,4115.626002032336
FAC-2025-0350,CLI_067,Basilio Agustí Donoso S.A.,Construcción,Cataluña,4219.08,138,Vencida,0.229201258358039,Alto,2025-08-13,2025-09-12,Bajo,0.48,16,967.0184451132352
FAC-2025-0351,CLI_073,Cecilia Vila Raya S.A.,Alimentación,Región de Murcia,3139.48,4,Vencida,0.9747065939904848,Bajo,2025-12-25,2026-01-24,Medio,0.79,234,3060.071857701247
FAC-2025-0352,CLI_091,Rosenda Carpio Gálvez S.A.T.,Retail,Castilla y León,1308.53,22,Vencida,0.9740130737738834,Bajo,2025-11-22,2026-01-06,Medio,0.64,210,1274.5253274253396
FAC-2025-0353,CLI_091,Rosenda Carpio Gálvez S.A.T.,Retail,Castilla y León,1476.12,0,Pendiente,0.9740130737738834,Bajo,2026-01-11,2026-02-10,Medio,0.64,428,1437.7601784591045
FAC-2025-0354,CLI_015,Compañía Rodriguez & Asociados S.Com.,Construcción,Región de Murcia,442.9,51,Vencida,0.9709541669986008,Bajo,2025-10-24,2025-12-08,Medio,0.64,170,430.0356005636803
FAC-2025-0355,CLI_010,Despacho Inteligentes S.Com.,Alimentación,La Rioja,5609.19,59,Vencida,0.9320985565420944,Bajo,2025-10-31,2025-11-30,Medio,0.71,151,5228.31790237035
FAC-2025-0356,CLI_079,Suministros Pi S.A.,Alimentación,Galicia,2740.06,0,Pendiente,0.914805553884445,Bajo,2025-12-25,2026-02-08,Alto,0.81,429,2506.622105976612
FAC-2025-0357,CLI_083,Distribuciones MJID S.L.N.E,Construcción,Ciudad Autónoma de Melilla,1014.49,114,Vencida,0.890792814232811,Bajo,2025-09-06,2025-10-06,Alto,0.93,63,903.7004021110445
FAC-2025-0358,CLI_071,Rosales y Estevez S.L.,Hostelería,Comunidad de Madrid,8879.47,50,Vencida,0.1205834523391016,Alto,2025-11-24,2025-12-09,Bajo,0.46,173,1070.7171475414825
FAC-2025-0359,CLI_074,Blazquez y Herrero S.Coop.,Consultoría,Cantabria,2545.94,0,Pagada,0.9485765014366092,Bajo,2025-08-11,2025-09-25,Alto,0.81,430,2415.018858067521
FAC-2025-0360,CLI_076,Alimentación Priego y asociados S.L.L.,Tecnología,Castilla y León,1365.01,41,Vencida,0.983040083963026,Bajo,2025-11-18,2025-12-18,Medio,0.63,187,1341.85954501037
FAC-2025-0361,CLI_097,Desarrollo Inteligentes S.A.,Consultoría,Comunitat Valenciana,1894.76,90,Vencida,0.9498220884966404,Bajo,2025-09-30,2025-10-30,Alto,0.84,101,1799.6849003998943
FAC-2025-0362,CLI_057,Despacho Sierra & Asociados S.Coop.,Tecnología,Principado de Asturias,1049.65,0,Pendiente,0.9825083602674732,Bajo,2026-01-25,2026-03-11,Medio,0.63,431,1031.2899003547534
FAC-2025-0363,CLI_047,Ezequiel Sanz Pereira S.Com.,Construcción,Galicia,230.61,43,Vencida,0.970937439497614,Bajo,2025-11-16,2025-12-16,Medio,0.72,184,223.9078829225448
FAC-2025-0364,CLI_079,Suministros Pi S.A.,Alimentación,Galicia,2652.85,72,Vencida,0.914805553884445,Bajo,2025-10-18,2025-11-17,Alto,0.81,137,2426.8419136223497
FAC-2025-0365,CLI_054,Banco del Mediterráneo S.Com.,Construcción,Extremadura,11511.62,0,Pendiente,0.1459448419104722,Alto,2026-01-10,2026-02-09,Bajo,0.42,432,1680.06156103343
FAC-2025-0366,CLI_075,Llorente y Robledo S.Com.,Transporte,Canarias,5562.64,4,Vencida,0.1465907392984664,Alto,2025-12-10,2026-01-24,Bajo,0.47,235,815.4315100512212
FAC-2025-0367,CLI_056,Asdrubal Ocaña Piquer S.L.,Consultoría,Castilla-La Mancha,2879.23,0,Pagada,0.9385796852731568,Bajo,2025-09-18,2025-11-02,Alto,0.86,433,2702.386787229031
FAC-2025-0368,CLI_020,Supermercados Bonilla S.L.L.,Construcción,Galicia,6531.52,85,Vencida,0.9552192837331204,Bajo,2025-10-05,2025-11-04,Medio,0.68,111,6239.033856088551
FAC-2025-0369,CLI_032,Consultoría Castells & Asociados S.Com.,Transporte,Aragón,7155.97,0,Pendiente,0.944598401195153,Bajo,2026-01-17,2026-03-03,Medio,0.74,434,6759.51782100048
FAC-2025-0370,CLI_100,Cañas y Clavero S.A.,Construcción,Comunidad Foral de Navarra,9422.99,0,Pendiente,0.933532707846248,Bajo,2026-01-15,2026-02-14,Medio,0.74,435,8796.669370708116
FAC-2025-0371,CLI_024,Compañía Iglesia & Asociados S.L.,Retail,Ciudad Autónoma de Melilla,3940.2,97,Vencida,0.2162739548440516,Alto,2025-09-23,2025-10-23,Bajo,0.46,89,852.162636876532
FAC-2025-0372,CLI_079,Suministros Pi S.A.,Alimentación,Galicia,2240.83,0,Pagada,0.914805553884445,Bajo,2025-09-01,2025-10-01,Alto,0.81,436,2049.923729310881
FAC-2025-0373,CLI_086,Logística Carranza S.A.U,Construcción,Comunidad de Madrid,6716.1,143,Vencida,0.1194712961787283,Alto,2025-08-08,2025-09-07,Bajo,0.53,10,802.3811722659572
FAC-2025-0374,CLI_041,Cornelio Cervantes Adadia S.L.N.E,Alimentación,Principado de Asturias,2024.93,130,Vencida,0.964125921257704,Bajo,2025-08-21,2025-09-20,Medio,0.74,26,1952.2875017323627
FAC-2025-0375,CLI_099,Carreño y asociados S.L.,Construcción,Canarias,4636.96,0,Pagada,0.1692636237123511,Alto,2025-11-28,2025-12-28,Bajo,0.57,437,784.8686526092235
FAC-2025-0376,CLI_053,Finanzas Carbajo & Asociados S.L.L.,Transporte,Aragón,5166.08,97,Vencida,0.949870163233032,Bajo,2025-09-23,2025-10-23,Medio,0.63,90,4907.105252874901
FAC-2025-0377,CLI_060,Heras y Montoya S.L.,Retail,Illes Balears,7901.61,0,Pendiente,0.8559055333967132,Bajo,2025-12-31,2026-01-30,Alto,0.9,438,6763.031721742803
FAC-2025-0378,CLI_062,Despacho Ferrández y asociados S.A.T.,Transporte,Galicia,2125.01,0,Pagada,0.9649383980540476,Bajo,2025-12-15,2026-01-14,Medio,0.68,439,2050.503745248832
FAC-2025-0379,CLI_035,Juan Manuel Goñi Aznar S.Coop.,Construcción,Andalucía,2239.14,0,Pagada,0.8527392741181072,Bajo,2025-12-05,2026-01-04,Alto,0.95,440,1909.4026182488185
FAC-2025-0380,CLI_096,Transportes Nuñez S.L.N.E,Hostelería,Región de Murcia,2502.3,0,Pagada,0.8718641127321665,Bajo,2025-09-30,2025-10-30,Alto,0.84,441,2181.6655692897
FAC-2025-0381,CLI_036,Mauricio Riquelme Cordero S.Com.,Transporte,Extremadura,6707.61,0,Pagada,0.9570742606914356,Bajo,2025-12-15,2026-01-14,Medio,0.65,442,6419.680881756481
FAC-2025-0382,CLI_066,Servicios Bermúdez y asociados S.L.N.E,Hostelería,Comunidad de Madrid,4535.35,0,Pendiente,0.1400958386804542,Alto,2026-01-16,2026-02-15,Bajo,0.56,443,635.383661959398
FAC-2025-0383,CLI_006,Inmobiliaria Sancho S.L.N.E,Retail,La Rioja,782.09,0,Pendiente,0.8964353385655441,Bajo,2026-01-22,2026-02-21,Alto,0.95,444,701.0931139387264
FAC-2025-0384,CLI_002,Alfaro y asociados S.Com.,Transporte,Illes Balears,8675.16,55,Vencida,0.9580834714548696,Bajo,2025-11-19,2025-12-04,Medio,0.73,160,8311.527408226426
FAC-2025-0385,CLI_042,Banco Iberia S.Com.,Transporte,Illes Balears,3460.22,0,Pendiente,0.206964395506403,Alto,2026-01-07,2026-02-06,Bajo,0.32,445,716.1423406191658
FAC-2025-0386,CLI_014,Llano & Asociados S.L.,Construcción,La Rioja,2239.5,137,Vencida,0.14379409593949,Alto,2025-08-14,2025-09-13,Bajo,0.59,19,322.02687785648783
FAC-2025-0387,CLI_093,Hermanos Castañeda S.L.,Hostelería,Cataluña,6605.88,78,Vencida,0.9667364740238223,Bajo,2025-09-27,2025-11-11,Medio,0.7,126,6386.145139024487
FAC-2025-0388,CLI_084,Porcel y Acuña S.L.,Transporte,Comunidad Foral de Navarra,5656.23,74,Vencida,0.957641661747864,Bajo,2025-10-16,2025-11-15,Medio,0.77,131,5416.64149642812
FAC-2025-0389,CLI_071,Rosales y Estevez S.L.,Hostelería,Comunidad de Madrid,5455.24,21,Vencida,0.1205834523391016,Alto,2025-12-08,2026-01-07,Bajo,0.46,213,657.8116725383605
FAC-2025-0390,CLI_032,Consultoría Castells & Asociados S.Com.,Transporte,Aragón,4350.91,0,Pagada,0.944598401195153,Bajo,2025-12-08,2026-01-22,Medio,0.74,446,4109.862629744003
FAC-2025-0391,CLI_051,Piñeiro y asociados S.L.N.E,Tecnología,La Rioja,7453.87,0,Pagada,0.1842360398736561,Alto,2025-10-27,2025-11-26,Bajo,0.59,447,1373.271490533049
FAC-2025-0392,CLI_011,Hnos Soriano S.A.,Alimentación,Ciudad Autónoma de Melilla,5662.4,138,Vencida,0.8868767892668036,Bajo,2025-08-13,2025-09-12,Alto,0.9,17,5021.851131544348
FAC-2025-0393,CLI_074,Blazquez y Herrero S.Coop.,Consultoría,Cantabria,2237.26,0,Pagada,0.9485765014366092,Bajo,2025-08-20,2025-10-19,Alto,0.81,448,2122.2122636040685
FAC-2025-0394,CLI_082,Despacho QXK S.Coop.,Hostelería,Extremadura,5182.99,51,Vencida,0.1649038897016025,Alto,2025-10-24,2025-12-08,Bajo,0.33,171,854.6952112845087
FAC-2025-0395,CLI_100,Cañas y Clavero S.A.,Construcción,Comunidad Foral de Navarra,6777.24,0,Pagada,0.933532707846248,Bajo,2025-10-30,2025-11-29,Medio,0.74,449,6326.775208923906
FAC-2025-0396,CLI_056,Asdrubal Ocaña Piquer S.L.,Consultoría,Castilla-La Mancha,4251.71,0,Pagada,0.9385796852731568,Bajo,2025-11-12,2025-12-12,Alto,0.86,450,3990.5686336727335
FAC-2025-0397,CLI_074,Blazquez y Herrero S.Coop.,Consultoría,Cantabria,1598.26,6,Vencida,0.9485765014366092,Bajo,2025-12-23,2026-01-22,Alto,0.81,233,1516.071879186075
FAC-2025-0398,CLI_010,Despacho Inteligentes S.Com.,Alimentación,La Rioja,5168.85,0,Pendiente,0.9320985565420944,Bajo,2026-01-14,2026-02-13,Medio,0.71,451,4817.877623982605
FAC-2025-0399,CLI_093,Hermanos Castañeda S.L.,Hostelería,Cataluña,5221.77,9,Vencida,0.9667364740238223,Bajo,2025-12-20,2026-01-19,Medio,0.7,229,5048.075517963375
FAC-2025-0400,CLI_035,Juan Manuel Goñi Aznar S.Coop.,Construcción,Andalucía,3810.76,143,Vencida,0.8527392741181072,Bajo,2025-08-08,2025-09-07,Alto,0.95,11,3249.5847162383184
FAC-2025-0401,CLI_007,Gutiérrez y asociados S.L.U.,Consultoría,País Vasco,1435.24,130,Vencida,0.985795317631015,Bajo,2025-09-05,2025-09-20,Medio,0.7,27,1414.852871676738
FAC-2025-0402,CLI_054,Banco del Mediterráneo S.Com.,Construcción,Extremadura,11009.11,39,Vencida,0.1459448419104722,Alto,2025-12-05,2025-12-20,Bajo,0.42,190,1606.7228185249985
FAC-2025-0403,CLI_019,Aura Pombo Carranza S.C.P,Construcción,Comunidad Foral de Navarra,3753.66,0,Pagada,0.1985320870440221,Alto,2025-09-27,2025-10-27,Bajo,0.52,452,745.2219538536639
FAC-2025-0404,CLI_012,Cañellas & Asociados S.Com.,Construcción,Castilla y León,4692.95,0,Pagada,0.9586653624604998,Bajo,2025-10-19,2025-11-18,Medio,0.72,453,4498.968612759002
FAC-2025-0405,CLI_094,Perez y Sans S.A.,Transporte,Principado de Asturias,3821.89,0,Pagada,0.8241666856810774,Bajo,2025-11-21,2025-12-06,Alto,0.88,454,3149.874414337653
FAC-2025-0406,CLI_030,Atienza & Asociados S.C.P,Transporte,Galicia,600.27,0,Pendiente,0.2227786832058206,Alto,2025-12-20,2026-02-03,Bajo,0.59,455,133.72736016795793
FAC-2025-0407,CLI_002,Alfaro y asociados S.Com.,Transporte,Illes Balears,8934.23,0,Pagada,0.9580834714548696,Bajo,2025-12-11,2026-01-10,Medio,0.73,456,8559.73809317624
FAC-2025-0408,CLI_045,Servicios EZYW S.A.,Consultoría,Galicia,2251.46,109,Vencida,0.913509674634116,Bajo,2025-08-27,2025-10-11,Alto,0.88,70,2056.7304920517267
FAC-2025-0409,CLI_040,Inmobiliaria Cervantes & Asociados S.Coop.,Retail,Extremadura,3782.38,15,Vencida,0.9641045912341972,Bajo,2025-11-29,2026-01-13,Medio,0.62,221,3646.609923792403
FAC-2025-0410,CLI_006,Inmobiliaria Sancho S.L.N.E,Retail,La Rioja,833.82,123,Vencida,0.8964353385655441,Bajo,2025-08-28,2025-09-27,Alto,0.95,43,747.465714002722
FAC-2025-0411,CLI_001,Menéndez y asociados S.A.,Retail,Región de Murcia,1324.13,96,Vencida,0.9710013403922172,Bajo,2025-10-09,2025-10-24,Medio,0.69,91,1285.7320048535466
FAC-2025-0412,CLI_098,Suministros Española S.L.,Transporte,Andalucía,976.9,0,Pendiente,0.2228777364211147,Alto,2026-01-12,2026-02-26,Bajo,0.45,457,217.72926070978693
FAC-2025-0413,CLI_073,Cecilia Vila Raya S.A.,Alimentación,Región de Murcia,2422.74,85,Vencida,0.9747065939904848,Bajo,2025-10-05,2025-11-04,Medio,0.79,112,2361.460653524507
FAC-2025-0414,CLI_087,Estevez y Torrecilla S.L.,Tecnología,Aragón,9447.43,73,Vencida,0.9198752218878012,Bajo,2025-11-01,2025-11-16,Alto,0.81,134,8690.45676751947
FAC-2025-0415,CLI_043,Luís y asociados S.L.U.,Consultoría,Extremadura,1333.86,39,Vencida,0.947891394607964,Bajo,2025-11-20,2025-12-20,Alto,0.8,191,1264.3544156117787
FAC-2025-0416,CLI_034,Manufacturas Vendrell y asociados S.L.,Consultoría,Andalucía,5216.2,19,Vencida,0.9315726384128854,Bajo,2025-12-10,2026-01-09,Alto,0.93,216,4859.269196489293
FAC-2025-0417,CLI_015,Compañía Rodriguez & Asociados S.Com.,Construcción,Región de Murcia,845.03,0,Pendiente,0.9709541669986008,Bajo,2026-01-08,2026-02-07,Medio,0.64,458,820.4853997388276
FAC-2025-0418,CLI_080,Construcción IS S.L.,Construcción,La Rioja,4414.93,0,Pendiente,0.9551781314500282,Bajo,2026-01-15,2026-01-30,Medio,0.62,459,4217.044587882673
FAC-2025-0419,CLI_016,Supermercados Ortega S.Com.,Alimentación,Cantabria,1518.33,0,Pagada,0.9770106287466364,Bajo,2025-12-11,2026-01-25,Medio,0.74,460,1483.4245479448803
FAC-2025-0420,CLI_011,Hnos Soriano S.A.,Alimentación,Ciudad Autónoma de Melilla,4065.66,0,Pendiente,0.8868767892668036,Bajo,2026-01-15,2026-02-14,Alto,0.9,461,3605.7394870504727
FAC-2025-0421,CLI_090,Inmobiliaria QTQC S.L.,Tecnología,Principado de Asturias,7591.16,57,Vencida,0.9378444470190764,Bajo,2025-11-02,2025-12-02,Alto,0.91,154,7119.327252433332
FAC-2025-0422,CLI_056,Asdrubal Ocaña Piquer S.L.,Consultoría,Castilla-La Mancha,3507.08,99,Vencida,0.9385796852731568,Bajo,2025-09-21,2025-10-21,Alto,0.86,86,3291.674042627783
FAC-2025-0423,CLI_048,Consultoría RU S.A.D,Consultoría,País Vasco,3935.68,0,Pagada,0.936414456767326,Bajo,2025-08-08,2025-09-22,Alto,0.94,462,3685.42764921003
FAC-2025-0424,CLI_095,Fabiola Palma Barroso S.L.,Alimentación,Ciudad Autónoma de Melilla,5680.48,148,Vencida,0.9616734482639384,Bajo,2025-08-18,2025-09-02,Medio,0.66,7,5462.766789394336
FAC-2025-0425,CLI_099,Carreño y asociados S.L.,Construcción,Canarias,4054.63,0,Pagada,0.1692636237123511,Alto,2025-09-27,2025-10-27,Bajo,0.57,463,686.3013666128102
FAC-2025-0426,CLI_093,Hermanos Castañeda S.L.,Hostelería,Cataluña,5902.47,50,Vencida,0.9667364740238223,Bajo,2025-11-09,2025-12-09,Medio,0.7,174,5706.133035831391
FAC-2025-0427,CLI_029,Distribuciones del Sur S.L.U.,Tecnología,Castilla y León,1074.08,0,Pagada,0.9409192467865564,Bajo,2025-10-20,2025-11-19,Alto,0.92,464,1010.6225445885044
FAC-2025-0428,CLI_023,Desarrollo Roselló S.Coop.,Alimentación,La Rioja,1250.23,0,Pendiente,0.9727479614549368,Bajo,2026-01-15,2026-02-14,Medio,0.75,465,1216.1586838498056
FAC-2025-0429,CLI_095,Fabiola Palma Barroso S.L.,Alimentación,Ciudad Autónoma de Melilla,1638.92,108,Vencida,0.9616734482639384,Bajo,2025-09-12,2025-10-12,Medio,0.66,72,1576.105847828734
FAC-2025-0430,CLI_072,Restauración Moliner S.Com.,Consultoría,Región de Murcia,5127.34,0,Pendiente,0.9319034957708822,Bajo,2026-01-25,2026-02-24,Alto,0.88,466,4778.186070005875
FAC-2025-0431,CLI_091,Rosenda Carpio Gálvez S.A.T.,Retail,Castilla y León,1187.0,0,Pagada,0.9740130737738834,Bajo,2025-12-27,2026-01-26,Medio,0.64,467,1156.1535185695996
FAC-2025-0432,CLI_049,Supermercados XA S.Coop.,Tecnología,Principado de Asturias,2159.8,26,Vencida,0.9479381015967532,Bajo,2025-12-03,2026-01-02,Alto,0.89,203,2047.3567118286676
FAC-2025-0433,CLI_064,Despacho LX S.A.,Alimentación,Andalucía,3319.73,47,Vencida,0.2569512994969616,Alto,2025-11-12,2025-12-12,Bajo,0.53,178,853.0089374790483
FAC-2025-0434,CLI_055,Inversiones Globales S.L.U.,Consultoría,Región de Murcia,1090.96,0,Pagada,0.9496837467657334,Bajo,2025-08-07,2025-09-21,Alto,0.94,468,1036.0669803715446
FAC-2025-0435,CLI_049,Supermercados XA S.Coop.,Tecnología,Principado de Asturias,2811.6,0,Pagada,0.9479381015967532,Bajo,2025-10-12,2025-12-11,Alto,0.89,469,2665.222766449431
FAC-2025-0436,CLI_081,Supermercados del Levante S.Com.,Transporte,Principado de Asturias,2821.76,142,Vencida,0.9712373504735976,Bajo,2025-08-09,2025-09-08,Medio,0.78,12,2740.598706072379
FAC-2025-0437,CLI_070,Comercializadora Internacionales S.Coop.,Alimentación,Ciudad Autónoma de Ceuta,6328.64,0,Pagada,0.9563612560013398,Bajo,2025-09-13,2025-10-13,Medio,0.68,470,6052.466099180319
FAC-2025-0438,CLI_091,Rosenda Carpio Gálvez S.A.T.,Retail,Castilla y León,1130.93,0,Pagada,0.9740130737738834,Bajo,2025-08-07,2025-09-06,Medio,0.64,471,1101.540605523098
FAC-2025-0439,CLI_094,Perez y Sans S.A.,Transporte,Principado de Asturias,4313.06,0,Pagada,0.8241666856810774,Bajo,2025-12-27,2026-01-26,Alto,0.88,472,3554.680365343628
FAC-2025-0440,CLI_095,Fabiola Palma Barroso S.L.,Alimentación,Ciudad Autónoma de Melilla,6200.73,72,Vencida,0.9616734482639384,Bajo,2025-09-18,2025-11-17,Medio,0.66,138,5963.07740085365
FAC-2025-0441,CLI_024,Compañía Iglesia & Asociados S.L.,Retail,Ciudad Autónoma de Melilla,4249.4,41,Vencida,0.2162739548440516,Alto,2025-11-18,2025-12-18,Bajo,0.46,188,919.0345437143128
FAC-2025-0442,CLI_014,Llano & Asociados S.L.,Construcción,La Rioja,2746.98,0,Pendiente,0.14379409593949,Alto,2026-01-17,2026-02-16,Bajo,0.59,473,394.99950566386025
FAC-2025-0443,CLI_056,Asdrubal Ocaña Piquer S.L.,Consultoría,Castilla-La Mancha,4746.11,90,Vencida,0.9385796852731568,Bajo,2025-10-15,2025-10-30,Alto,0.86,102,4454.602430071782
FAC-2025-0444,CLI_049,Supermercados XA S.Coop.,Tecnología,Principado de Asturias,2704.17,119,Vencida,0.9479381015967532,Bajo,2025-09-01,2025-10-01,Alto,0.89,52,2563.385776194892
FAC-2025-0445,CLI_020,Supermercados Bonilla S.L.L.,Construcción,Galicia,6461.08,79,Vencida,0.9552192837331204,Bajo,2025-10-11,2025-11-10,Medio,0.68,122,6171.748209742389
FAC-2025-0446,CLI_032,Consultoría Castells & Asociados S.Com.,Transporte,Aragón,10599.15,0,Pagada,0.944598401195153,Bajo,2025-12-11,2026-01-10,Medio,0.74,474,10011.940144027605
FAC-2025-0447,CLI_017,Grupo Ríos S.A.,Hostelería,Comunidad Foral de Navarra,2485.25,0,Pendiente,0.9699774151943265,Bajo,2026-01-19,2026-02-18,Medio,0.74,475,2410.6363711116996
FAC-2025-0448,CLI_066,Servicios Bermúdez y asociados S.L.N.E,Hostelería,Comunidad de Madrid,1497.29,99,Vencida,0.1400958386804542,Alto,2025-09-21,2025-10-21,Bajo,0.56,87,209.76409829785726
FAC-2025-0449,CLI_057,Despacho Sierra & Asociados S.Coop.,Tecnología,Principado de Asturias,2917.61,0,Pendiente,0.9825083602674732,Bajo,2026-01-26,2026-02-25,Medio,0.63,476,2866.5762169999825
FAC-2025-0450,CLI_064,Despacho LX S.A.,Alimentación,Andalucía,2152.3,113,Vencida,0.2569512994969616,Alto,2025-08-08,2025-10-07,Bajo,0.53,65,553.0362819073105
FAC-2025-0451,CLI_058,Rebeca Peláez Bru S.Coop.,Alimentación,Ciudad Autónoma de Melilla,833.9,77,Vencida,0.9761375360173818,Bajo,2025-10-13,2025-11-12,Medio,0.77,128,814.0010912848948
FAC-2025-0452,CLI_001,Menéndez y asociados S.A.,Retail,Región de Murcia,1454.25,0,Pagada,0.9710013403922172,Bajo,2025-10-20,2025-11-19,Medio,0.69,477,1412.0786992653818
FAC-2025-0453,CLI_055,Inversiones Globales S.L.U.,Consultoría,Región de Murcia,647.37,15,Vencida,0.9496837467657334,Bajo,2025-12-14,2026-01-13,Alto,0.94,222,614.7967671437328
FAC-2025-0454,CLI_025,Distribuciones Nebot S.L.L.,Retail,Región de Murcia,521.82,88,Vencida,0.2820382571372221,Alto,2025-10-02,2025-11-01,Bajo,0.57,104,147.17320333934524
FAC-2025-0455,CLI_019,Aura Pombo Carranza S.C.P,Construcción,Comunidad Foral de Navarra,2797.75,128,Vencida,0.1985320870440221,Alto,2025-08-23,2025-09-22,Bajo,0.52,34,555.4431465274128
FAC-2025-0456,CLI_025,Distribuciones Nebot S.L.L.,Retail,Región de Murcia,552.92,44,Vencida,0.2820382571372221,Alto,2025-11-30,2025-12-15,Bajo,0.57,183,155.94459313631282
FAC-2025-0457,CLI_006,Inmobiliaria Sancho S.L.N.E,Retail,La Rioja,922.56,0,Pagada,0.8964353385655441,Bajo,2025-11-05,2025-12-05,Alto,0.95,478,827.0153859470283
FAC-2025-0458,CLI_045,Servicios EZYW S.A.,Consultoría,Galicia,2214.35,0,Pagada,0.913509674634116,Bajo,2025-10-23,2025-11-07,Alto,0.88,479,2022.8301480260548
FAC-2025-0459,CLI_002,Alfaro y asociados S.Com.,Transporte,Illes Balears,7756.3,128,Vencida,0.9580834714548696,Bajo,2025-08-23,2025-09-22,Medio,0.73,35,7431.182829645405
FAC-2025-0460,CLI_090,Inmobiliaria QTQC S.L.,Tecnología,Principado de Asturias,3254.22,0,Pagada,0.9378444470190764,Bajo,2026-01-12,2026-01-27,Alto,0.91,480,3051.9521563784187
FAC-2025-0461,CLI_090,Inmobiliaria QTQC S.L.,Tecnología,Principado de Asturias,3000.99,135,Vencida,0.9378444470190764,Bajo,2025-08-16,2025-09-15,Alto,0.91,23,2814.461807059778
FAC-2025-0462,CLI_064,Despacho LX S.A.,Alimentación,Andalucía,2330.18,0,Pagada,0.2569512994969616,Alto,2025-12-21,2026-01-20,Bajo,0.53,481,598.74277906183
FAC-2025-0463,CLI_064,Despacho LX S.A.,Alimentación,Andalucía,3275.62,58,Vencida,0.2569512994969616,Alto,2025-10-17,2025-12-01,Bajo,0.53,152,841.6748156582373
FAC-2025-0464,CLI_041,Cornelio Cervantes Adadia S.L.N.E,Alimentación,Principado de Asturias,3873.94,0,Pendiente,0.964125921257704,Bajo,2025-12-13,2026-02-11,Medio,0.74,482,3734.96597139707
FAC-2025-0465,CLI_095,Fabiola Palma Barroso S.L.,Alimentación,Ciudad Autónoma de Melilla,3367.55,0,Pagada,0.9616734482639384,Bajo,2025-08-31,2025-09-30,Medio,0.66,483,3238.483420701226
FAC-2025-0466,CLI_001,Menéndez y asociados S.A.,Retail,Región de Murcia,1327.06,18,Vencida,0.9710013403922172,Bajo,2025-11-26,2026-01-10,Medio,0.69,218,1288.5770387808957
FAC-2025-0467,CLI_087,Estevez y Torrecilla S.L.,Tecnología,Aragón,5597.77,0,Pagada,0.9198752218878012,Bajo,2025-10-21,2025-11-20,Alto,0.81,484,5149.249920826877
FAC-2025-0468,CLI_076,Alimentación Priego y asociados S.L.L.,Tecnología,Castilla y León,537.37,33,Vencida,0.983040083963026,Bajo,2025-11-26,2025-12-26,Medio,0.63,194,528.2562499192113
FAC-2025-0469,CLI_024,Compañía Iglesia & Asociados S.L.,Retail,Ciudad Autónoma de Melilla,2332.13,0,Pagada,0.2162739548440516,Alto,2025-09-09,2025-10-24,Bajo,0.46,485,504.3789783104581
FAC-2025-0470,CLI_020,Supermercados Bonilla S.L.L.,Construcción,Galicia,2022.98,0,Pagada,0.9552192837331204,Bajo,2025-11-10,2025-12-10,Medio,0.68,486,1932.3895066064279
FAC-2025-0471,CLI_068,Familia Lozano S.L.N.E,Construcción,Comunidad de Madrid,1981.98,0,Pendiente,0.1251897965382272,Alto,2026-01-14,2026-02-13,Bajo,0.49,487,248.12367294283555
FAC-2025-0472,CLI_063,Desarrollo Torres S.A.,Transporte,Castilla-La Mancha,1366.04,0,Pendiente,0.850984661568883,Bajo,2026-01-04,2026-02-03,Alto,0.94,488,1162.479087089557
FAC-2025-0473,CLI_043,Luís y asociados S.L.U.,Consultoría,Extremadura,746.54,0,Pendiente,0.947891394607964,Bajo,2026-01-16,2026-02-15,Alto,0.8,489,707.6388417306295
FAC-2025-0474,CLI_073,Cecilia Vila Raya S.A.,Alimentación,Región de Murcia,2629.65,35,Vencida,0.9747065939904848,Bajo,2025-11-24,2025-12-24,Medio,0.79,193,2563.1371948870783
FAC-2025-0475,CLI_075,Llorente y Robledo S.Com.,Transporte,Canarias,6532.38,79,Vencida,0.1465907392984664,Alto,2025-10-26,2025-11-10,Bajo,0.47,123,957.5864135785159
FAC-2025-0476,CLI_009,Inversiones Españolas S.A.,Retail,La Rioja,5072.97,0,Pagada,0.0814941594740482,Alto,2025-09-27,2025-11-11,Bajo,0.38,490,413.4174261870623
FAC-2025-0477,CLI_019,Aura Pombo Carranza S.C.P,Construcción,Comunidad Foral de Navarra,2311.39,53,Vencida,0.1985320870440221,Alto,2025-11-06,2025-12-06,Bajo,0.52,164,458.8850806726822
FAC-2025-0478,CLI_051,Piñeiro y asociados S.L.N.E,Tecnología,La Rioja,4192.51,102,Vencida,0.1842360398736561,Alto,2025-10-03,2025-10-18,Bajo,0.59,79,772.4114395307021
FAC-2025-0479,CLI_077,Mauricio Elías Puig S.L.N.E,Alimentación,Ciudad Autónoma de Melilla,3145.59,85,Vencida,0.966120598738486,Bajo,2025-10-05,2025-11-04,Medio,0.64,113,3039.0192941857945
FAC-2025-0480,CLI_069,Inversiones DD S.L.L.,Alimentación,Región de Murcia,4510.52,140,Vencida,0.963848109659912,Bajo,2025-08-26,2025-09-10,Medio,0.72,14,4347.4561755832265
FAC-2025-0481,CLI_039,Prat y Ochoa S.L.N.E,Construcción,Castilla y León,5672.97,119,Vencida,0.1298349031942244,Alto,2025-09-01,2025-10-01,Bajo,0.38,53,736.5495107737391
FAC-2025-0482,CLI_025,Distribuciones Nebot S.L.L.,Retail,Región de Murcia,1168.51,0,Pagada,0.2820382571372221,Alto,2025-11-13,2026-01-12,Bajo,0.57,491,329.5645238474154
FAC-2025-0483,CLI_092,Hermanos Lucas S.Coop.,Tecnología,Región de Murcia,3517.9,48,Vencida,0.934647370178857,Bajo,2025-11-11,2025-12-11,Alto,0.85,177,3287.9959835522013
FAC-2025-0484,CLI_023,Desarrollo Roselló S.Coop.,Alimentación,La Rioja,1834.44,24,Vencida,0.9727479614549368,Bajo,2025-12-05,2026-01-04,Medio,0.75,207,1784.4477704113942
FAC-2025-0485,CLI_020,Supermercados Bonilla S.L.L.,Construcción,Galicia,6291.47,0,Pagada,0.9552192837331204,Bajo,2025-11-25,2025-12-25,Medio,0.68,492,6009.733467028415
FAC-2025-0486,CLI_066,Servicios Bermúdez y asociados S.L.N.E,Hostelería,Comunidad de Madrid,4888.43,0,Pagada,0.1400958386804542,Alto,2025-11-09,2025-12-09,Bajo,0.56,493,684.8487006806928
FAC-2025-0487,CLI_078,Farmaceútica Avanzadas S.L.N.E,Hostelería,Cataluña,3779.94,0,Pagada,0.95529457915186,Bajo,2025-09-17,2025-10-02,Medio,0.7,494,3610.9561915192817
FAC-2025-0488,CLI_097,Desarrollo Inteligentes S.A.,Consultoría,Comunitat Valenciana,1544.7,116,Vencida,0.9498220884966404,Bajo,2025-09-04,2025-10-04,Alto,0.84,61,1467.1901801007605
FAC-2025-0489,CLI_030,Atienza & Asociados S.C.P,Transporte,Galicia,1392.54,0,Pendiente,0.2227786832058206,Alto,2026-01-02,2026-02-01,Bajo,0.59,495,310.2282275114334
FAC-2025-0490,CLI_065,Instalaciones Alemany y asociados S.L.L.,Hostelería,Galicia,8209.22,155,Vencida,0.952443944329254,Bajo,2025-08-11,2025-08-26,Medio,0.73,3,7818.821876666599
FAC-2025-0491,CLI_085,Infraestructuras SBHF S.Coop.,Retail,Principado de Asturias,5383.05,0,Pagada,0.9090937146250913,Bajo,2025-12-12,2026-01-11,Alto,0.83,496,4893.696920512598
FAC-2025-0492,CLI_076,Alimentación Priego y asociados S.L.L.,Tecnología,Castilla y León,906.89,0,Pendiente,0.983040083963026,Bajo,2026-01-14,2026-02-13,Medio,0.63,497,891.5092217452286
FAC-2025-0493,CLI_021,Consultoría Ibérica S.L.,Transporte,Principado de Asturias,7844.49,0,Pagada,0.1227103078583486,Alto,2025-11-27,2025-12-27,Bajo,0.42,498,962.599782891737
FAC-2025-0494,CLI_073,Cecilia Vila Raya S.A.,Alimentación,Región de Murcia,2033.31,62,Vencida,0.9747065939904848,Bajo,2025-10-13,2025-11-27,Medio,0.79,149,1981.8806646267926
FAC-2025-0495,CLI_056,Asdrubal Ocaña Piquer S.L.,Consultoría,Castilla-La Mancha,4644.47,0,Pendiente,0.9385796852731568,Bajo,2026-01-27,2026-03-13,Alto,0.86,499,4359.205190860619
FAC-2025-0496,CLI_090,Inmobiliaria QTQC S.L.,Tecnología,Principado de Asturias,6779.13,53,Vencida,0.9378444470190764,Bajo,2025-11-06,2025-12-06,Alto,0.91,165,6357.7694261204315
FAC-2025-0497,CLI_021,Consultoría Ibérica S.L.,Transporte,Principado de Asturias,6362.72,13,Vencida,0.1227103078583486,Alto,2025-12-16,2026-01-15,Bajo,0.42,225,780.7713300164719
FAC-2025-0498,CLI_047,Ezequiel Sanz Pereira S.Com.,Construcción,Galicia,727.95,137,Vencida,0.970937439497614,Bajo,2025-08-14,2025-09-13,Medio,0.72,20,706.7939090822882
FAC-2025-0499,CLI_015,Compañía Rodriguez & Asociados S.Com.,Construcción,Región de Murcia,520.29,14,Vencida,0.9709541669986008,Bajo,2025-12-15,2026-01-14,Medio,0.64,224,505.177743547702
FAC-2025-0500,CLI_076,Alimentación Priego y asociados S.L.L.,Tecnología,Castilla y León,875.83,0,Pagada,0.983040083963026,Bajo,2025-11-11,2025-12-11,Medio,0.63,500,860.9759967373371
